{ "time": "2022-09-06T15:44:14.7965100Z", "resourceId": "/tenants/a00b7f6a-c061-4726-98a6-6dfb9bd1b4c9/providers/Microsoft.aadiam", "operationName": "Download users - started (bulk)", "operationVersion": "1.0", "category": "AuditLogs", "tenantId": "a00b7f6a-c061-4726-98a6-6dfb9bd1b4c9", "resultSignature": "None", "resultDescription": "Start to execute bulk activities initiated by user. Filename: exportUsers_2022-9-6.csv. Activity type: UserExportV3", "durationMs": 0, "correlationId": "7fb18378-d95b-46c6-8c0f-c72b7bf2102e", "Level": 4, "properties": {"id":"ADIbizaUX_7fb18378-d95b-46c6-8c0f-c72b7bf2102e_HCPGC_13234209","category":"DirectoryManagement","correlationId":"7fb18378-d95b-46c6-8c0f-c72b7bf2102e","result":"success","resultReason":"Start to execute bulk activities initiated by user. Filename: exportUsers_2022-9-6.csv. Activity type: UserExportV3","activityDisplayName":"Download users - started (bulk)","activityDateTime":"2022-09-06T15:44:14.79651+00:00","loggedByService":"AAD Management UX","operationType":"Add","userAgent":null,"initiatedBy":{"user":{"id":"06f891f9-5a07-4f8b-8756-c4eb0432a42a","displayName":null,"userPrincipalName":"derrick.brooks1110@gmail.com","ipAddress":"","roles":[]}},"targetResources":[{"id":null,"displayName":null,"type":"Directory","modifiedProperties":[],"administrativeUnits":[]}],"additionalDetails":[]}}
{ "time": "2022-09-06T15:44:15.2183447Z", "resourceId": "/tenants/a00b7f6a-c061-4726-98a6-6dfb9bd1b4c9/providers/Microsoft.aadiam", "operationName": "Download users - finished (bulk)", "operationVersion": "1.0", "category": "AuditLogs", "tenantId": "a00b7f6a-c061-4726-98a6-6dfb9bd1b4c9", "resultSignature": "None", "resultDescription": "Finished bulk activities. Total activities count: 1; succeeded activities count 1; failed activities count 0", "durationMs": 0, "correlationId": "7fb18378-d95b-46c6-8c0f-c72b7bf2102e", "Level": 4, "properties": {"id":"ADIbizaUX_7fb18378-d95b-46c6-8c0f-c72b7bf2102e_HCPGC_13234637","category":"DirectoryManagement","correlationId":"7fb18378-d95b-46c6-8c0f-c72b7bf2102e","result":"success","resultReason":"Finished bulk activities. Total activities count: 1; succeeded activities count 1; failed activities count 0","activityDisplayName":"Download users - finished (bulk)","activityDateTime":"2022-09-06T15:44:15.2183447+00:00","loggedByService":"AAD Management UX","operationType":"Add","userAgent":null,"initiatedBy":{"user":{"id":"06f891f9-5a07-4f8b-8756-c4eb0432a42a","displayName":null,"userPrincipalName":"derrick.brooks1110@gmail.com","ipAddress":"","roles":[]}},"targetResources":[{"id":null,"displayName":null,"type":"Directory","modifiedProperties":[],"administrativeUnits":[]}],"additionalDetails":[]}}
