CodeZap, nss3.dll, comctl32.dll, freebl2.dll, ole32.dll, msvpc140.dll, kernel32.dll, advapi32.dll
DarkByte, sqlite3.dll, mozglue.dll, comctl32.dll, ole32.dll, freebl2.dll, advapi32.dll, kernel32.dll
MalMeld, freebl2.dll, msvpc140.dll, nss3.dll, vcruntime.dll, softkn3.dll, sqlite3.dll, comctl32.dll
MalMorph, freebl2.dll, nss3.dll, softkn3.dll, kernel32.dll, msvpc140.dll, urlmon.dll, comctl32.dll
VirusLab, gdi32.dll, vcruntime.dll, urlmon.dll, comctl32.dll, kernel32.dll, mozglue.dll, ole32.dll
ByteGrab, msvbvm.dll, softkn3.dll, comctl32.dll, freebl2.dll, sqlite3.dll, nss3.dll, vcruntime.dll
CodeFury, urlmon.dll, comctl32.dll, ole32.dll, msvpc140.dll, gdi32.dll, nss3.dll, advapi32.dll
ByteNinja, nss3.dll, softkn3.dll, mozglue.dll, freebl2.dll, msvpc140.dll, advapi32.dll, wsock32.dll
CodeChomp, softkn3.dll, msvbvm.dll, advapi32.dll, nss3.dll, vcruntime.dll, gdi32.dll, urlmon.dll
ByteBash, sqlite3.dll, freebl2.dll, vcruntime.dll, msvpc140.dll, softkn3.dll, mozglue.dll, nss3.dll
SpyHex, nss3.dll, kernel32.dll, softkn3.dll, msvpc140.dll, sqlite3.dll, advapi32.dll, comctl32.dll
MalwareX, sqlite3.dll, freebl2.dll, ole32.dll, urlmon.dll, vcruntime.dll, msvpc140.dll, kernel32.dll
SpySneak, softkn3.dll, mozglue.dll, kernel32.dll, comctl32.dll, gdi32.dll, ole32.dll, nss3.dll
ByteBolt, wsock32.dll, freebl2.dll, ole32.dll, msvpc140.dll, urlmon.dll, msvbvm.dll, gdi32.dll
NetNimble, mozglue.dll, msvbvm.dll, wsock32.dll, softkn3.dll, kernel32.dll, freebl2.dll, advapi32.dll
VirusVoid, comctl32.dll, kernel32.dll, nss3.dll, vcruntime.dll, ole32.dll, freebl2.dll, urlmon.dll
CodeCrest, gdi32.dll, sqlite3.dll, ole32.dll, comctl32.dll, wsock32.dll, advapi32.dll, mozglue.dll
ViruCore, sqlite3.dll, ole32.dll, urlmon.dll, msvpc140.dll, advapi32.dll, nss3.dll, freebl2.dll
NetNexus, urlmon.dll, freebl2.dll, nss3.dll, msvpc140.dll, msvbvm.dll, kernel32.dll, vcruntime.dll
SpySquad, sqlite3.dll, ole32.dll, msvpc140.dll, kernel32.dll, mozglue.dll, freebl2.dll, comctl32.dll
MalMelt, msvbvm.dll, msvpc140.dll, ole32.dll, freebl2.dll, nss3.dll, sqlite3.dll, comctl32.dll
RogueNet, vcruntime.dll, nss3.dll, freebl2.dll, msvpc140.dll, softkn3.dll, kernel32.dll, comctl32.dll
MalMine, softkn3.dll, gdi32.dll, advapi32.dll, wsock32.dll, mozglue.dll, nss3.dll, comctl32.dll
BugBlaze, urlmon.dll, gdi32.dll, nss3.dll, msvpc140.dll, vcruntime.dll, softkn3.dll, comctl32.dll
BugByte, sqlite3.dll, msvpc140.dll, vcruntime.dll, nss3.dll, softkn3.dll, ole32.dll, wsock32.dl
MalMaker, advapi32.dll, urlmon.dll, kernel32.dll, comctl32.dll, msvpc140.dll, nss3.dll, ole32.dll
CodeCrash, softkn3.dll, vcruntime.dll, msvpc140.dll, nss3.dll, mozglue.dll, gdi32.dll, urlmon.dll
NetNinja, urlmon.dll, comctl32.dll, kernel32.dll, msvbvm.dll, softkn3.dll, advapi32.dll, gdi32.dll
HackCraft, msvpc140.dll, softkn3.dll, nss3.dll, vcruntime.dll, msvbvm.dll, kernel32.dll, advapi32.dll
BugBash, gdi32.dll, kernel32.dll, nss3.dll, vcruntime.dll, advapi32.dll, ole32.dll, msvbvm.dll
