{ "time": "2022-09-05T17:22:04.3739430Z", "resourceId": "/tenants/a00b7f6a-c061-4726-98a6-6dfb9bd1b4c9/providers/Microsoft.aadiam", "operationName": "Add service principal", "operationVersion": "1.0", "category": "AuditLogs", "tenantId": "a00b7f6a-c061-4726-98a6-6dfb9bd1b4c9", "resultSignature": "None", "durationMs": 0, "correlationId": "87278148-122b-4944-b4b5-4572aa4be248", "identity": "Microsoft Azure AD Internal - Jit Provisioning", "Level": 4, "properties": {"id":"Directory_87278148-122b-4944-b4b5-4572aa4be248_8N9IC_180689792","category":"ApplicationManagement","correlationId":"87278148-122b-4944-b4b5-4572aa4be248","result":"success","resultReason":"","activityDisplayName":"Add service principal","activityDateTime":"2022-09-05T17:22:04.373943+00:00","loggedByService":"Core Directory","operationType":"Add","userAgent":null,"initiatedBy":{},"targetResources":[{"id":"8b04bdc7-de90-495b-92f7-e17ea78c2c15","displayName":"Azure RBAC Data Plane","type":"ServicePrincipal","modifiedProperties":[{"displayName":"AccountEnabled","oldValue":"[]","newValue":"[true]"},{"displayName":"AppPrincipalId","oldValue":"[]","newValue":"[\"5861f7fb-5582-4c1a-83c0-fc5ffdb531a6\"]"},{"displayName":"DisplayName","oldValue":"[]","newValue":"[\"Azure RBAC Data Plane\"]"},{"displayName":"ServicePrincipalName","oldValue":"[]","newValue":"[\"https://authorization.azure.net\",\"5861f7fb-5582-4c1a-83c0-fc5ffdb531a6\"]"},{"displayName":"Credential","oldValue":"[]","newValue":"[{\"CredentialType\":2,\"KeyStoreId\":\"291154f0-a9f5-45bb-87be-9c8ee5b6d62c\",\"KeyGroupId\":\"90b932ef-b172-4f5b-bc47-dbf4d03e6679\"}]"},{"displayName":"Included Updated Properties","oldValue":null,"newValue":"\"AccountEnabled, AppPrincipalId, DisplayName, ServicePrincipalName, Credential\""},{"displayName":"TargetId.ServicePrincipalNames","oldValue":null,"newValue":"\"https://authorization.azure.net;5861f7fb-5582-4c1a-83c0-fc5ffdb531a6\""}],"administrativeUnits":[]}],"additionalDetails":[{"key":"AppId","value":"5861f7fb-5582-4c1a-83c0-fc5ffdb531a6"}]}}
{ "time": "2022-09-05T17:22:04.5681960Z", "resourceId": "/tenants/a00b7f6a-c061-4726-98a6-6dfb9bd1b4c9/providers/Microsoft.aadiam", "operationName": "Add service principal", "operationVersion": "1.0", "category": "AuditLogs", "tenantId": "a00b7f6a-c061-4726-98a6-6dfb9bd1b4c9", "resultSignature": "None", "resultDescription": "Microsoft.Online.Workflows.SpnValidationException", "durationMs": 0, "correlationId": "9ddeefb3-c9b7-4d84-926d-515b8f1fbd6d", "identity": "Microsoft Azure AD Internal - Jit Provisioning", "Level": 4, "properties": {"id":"Directory_9ddeefb3-c9b7-4d84-926d-515b8f1fbd6d_T6TT7_154739968","category":"ApplicationManagement","correlationId":"9ddeefb3-c9b7-4d84-926d-515b8f1fbd6d","result":"failure","resultReason":"Microsoft.Online.Workflows.SpnValidationException","activityDisplayName":"Add service principal","activityDateTime":"2022-09-05T17:22:04.568196+00:00","loggedByService":"Core Directory","operationType":"Add","userAgent":null,"initiatedBy":{},"targetResources":[{"id":"aa8543f2-6172-4c05-8e36-35cc1425416b","displayName":"Azure RBAC Data Plane","type":"ServicePrincipal","modifiedProperties":[{"displayName":"AccountEnabled","oldValue":"[]","newValue":"[true]"},{"displayName":"AppPrincipalId","oldValue":"[]","newValue":"[\"5861f7fb-5582-4c1a-83c0-fc5ffdb531a6\"]"},{"displayName":"DisplayName","oldValue":"[]","newValue":"[\"Azure RBAC Data Plane\"]"},{"displayName":"ServicePrincipalName","oldValue":"[]","newValue":"[\"https://authorization.azure.net\",\"5861f7fb-5582-4c1a-83c0-fc5ffdb531a6\"]"},{"displayName":"Credential","oldValue":"[]","newValue":"[{\"CredentialType\":2,\"KeyStoreId\":\"291154f0-a9f5-45bb-87be-9c8ee5b6d62c\",\"KeyGroupId\":\"90b932ef-b172-4f5b-bc47-dbf4d03e6679\"}]"},{"displayName":"Included Updated Properties","oldValue":null,"newValue":"\"AccountEnabled, AppPrincipalId, DisplayName, ServicePrincipalName, Credential\""},{"displayName":"MethodExecutionResult.","oldValue":null,"newValue":"\"Microsoft.Online.Workflows.SpnValidationException\""},{"displayName":"TargetId.ServicePrincipalNames","oldValue":null,"newValue":"\"https://authorization.azure.net;5861f7fb-5582-4c1a-83c0-fc5ffdb531a6\""}],"administrativeUnits":[]}],"additionalDetails":[{"key":"AppId","value":"5861f7fb-5582-4c1a-83c0-fc5ffdb531a6"}]}}
