{ "time": "2022-09-05T16:13:11.5435290Z", "resourceId": "/tenants/a00b7f6a-c061-4726-98a6-6dfb9bd1b4c9/providers/Microsoft.aadiam", "operationName": "Add service principal", "operationVersion": "1.0", "category": "AuditLogs", "tenantId": "a00b7f6a-c061-4726-98a6-6dfb9bd1b4c9", "resultSignature": "None", "durationMs": 0, "callerIpAddress": "52.162.110.238", "correlationId": "31a3fb5f-8c73-4eaa-aa4e-d0fe6641ff04", "identity": "Windows Azure Service Management API", "Level": 4, "properties": {"id":"Directory_31a3fb5f-8c73-4eaa-aa4e-d0fe6641ff04_YDJWO_1156342","category":"ApplicationManagement","correlationId":"31a3fb5f-8c73-4eaa-aa4e-d0fe6641ff04","result":"success","resultReason":"","activityDisplayName":"Add service principal","activityDateTime":"2022-09-05T16:13:11.543529+00:00","loggedByService":"Core Directory","operationType":"Add","userAgent":null,"initiatedBy":{"app":{"appId":null,"displayName":"Windows Azure Service Management API","servicePrincipalId":"b904eec0-97c0-4e56-8ef3-72a9979007ca","servicePrincipalName":null}},"targetResources":[{"id":"b3f02727-c518-463c-8916-c531bcfd5414","displayName":"Azure Application Change Service","type":"ServicePrincipal","modifiedProperties":[{"displayName":"AccountEnabled","oldValue":"[]","newValue":"[true]"},{"displayName":"AppAddress","oldValue":"[]","newValue":"[{\"AddressType\":0,\"Address\":\"https://changeanalysis.azure.com/reply\",\"ReplyAddressClientType\":1,\"ReplyAddressIndex\":null,\"IsReplyAddressDefault\":false},{\"AddressType\":4,\"Address\":\"https://changeanalysis.azure.com/logout\",\"ReplyAddressClientType\":0,\"ReplyAddressIndex\":null,\"IsReplyAddressDefault\":false}]"},{"displayName":"AppPrincipalId","oldValue":"[]","newValue":"[\"2cfc91a4-7baa-4a8f-a6c9-5f3d279060b8\"]"},{"displayName":"DisplayName","oldValue":"[]","newValue":"[\"Azure Application Change Service\"]"},{"displayName":"ServicePrincipalName","oldValue":"[]","newValue":"[\"2cfc91a4-7baa-4a8f-a6c9-5f3d279060b8\"]"},{"displayName":"Credential","oldValue":"[]","newValue":"[{\"CredentialType\":2,\"KeyStoreId\":\"291154f0-a9f5-45bb-87be-9c8ee5b6d62c\",\"KeyGroupId\":\"35f62130-5659-4e7b-aa4a-68af099b4d0e\"}]"},{"displayName":"Included Updated Properties","oldValue":null,"newValue":"\"AccountEnabled, AppAddress, AppPrincipalId, DisplayName, ServicePrincipalName, Credential\""},{"displayName":"TargetId.ServicePrincipalNames","oldValue":null,"newValue":"\"2cfc91a4-7baa-4a8f-a6c9-5f3d279060b8\""}],"administrativeUnits":[]}],"additionalDetails":[{"key":"AppId","value":"2cfc91a4-7baa-4a8f-a6c9-5f3d279060b8"}]}}
{ "time": "2022-09-05T16:13:11.5093105Z", "resourceId": "/tenants/a00b7f6a-c061-4726-98a6-6dfb9bd1b4c9/providers/Microsoft.aadiam", "operationName": "Add service principal", "operationVersion": "1.0", "category": "AuditLogs", "tenantId": "a00b7f6a-c061-4726-98a6-6dfb9bd1b4c9", "resultSignature": "None", "durationMs": 0, "callerIpAddress": "52.162.110.238", "correlationId": "f3b479e7-85b4-4653-b0d2-37adad525c8c", "identity": "Windows Azure Service Management API", "Level": 4, "properties": {"id":"Directory_f3b479e7-85b4-4653-b0d2-37adad525c8c_8N9IC_171379503","category":"ApplicationManagement","correlationId":"f3b479e7-85b4-4653-b0d2-37adad525c8c","result":"success","resultReason":"","activityDisplayName":"Add service principal","activityDateTime":"2022-09-05T16:13:11.5093105+00:00","loggedByService":"Core Directory","operationType":"Add","userAgent":null,"initiatedBy":{"app":{"appId":null,"displayName":"Windows Azure Service Management API","servicePrincipalId":"b904eec0-97c0-4e56-8ef3-72a9979007ca","servicePrincipalName":null}},"targetResources":[{"id":"4b986bff-aee7-4814-a705-08b8d3c96b96","displayName":"Azure Application Change Service","type":"ServicePrincipal","modifiedProperties":[{"displayName":"AccountEnabled","oldValue":"[]","newValue":"[true]"},{"displayName":"AppAddress","oldValue":"[]","newValue":"[{\"AddressType\":0,\"Address\":\"https://changeanalysis.azure.com/reply\",\"ReplyAddressClientType\":1,\"ReplyAddressIndex\":null,\"IsReplyAddressDefault\":false},{\"AddressType\":4,\"Address\":\"https://changeanalysis.azurewebsites.net/logout\",\"ReplyAddressClientType\":0,\"ReplyAddressIndex\":null,\"IsReplyAddressDefault\":false}]"},{"displayName":"AppPrincipalId","oldValue":"[]","newValue":"[\"3edcf11f-df80-41b2-a5e4-7e213cca30d1\"]"},{"displayName":"DisplayName","oldValue":"[]","newValue":"[\"Azure Application Change Service\"]"},{"displayName":"ServicePrincipalName","oldValue":"[]","newValue":"[\"3edcf11f-df80-41b2-a5e4-7e213cca30d1\"]"},{"displayName":"Credential","oldValue":"[]","newValue":"[{\"CredentialType\":2,\"KeyStoreId\":\"291154f0-a9f5-45bb-87be-9c8ee5b6d62c\",\"KeyGroupId\":\"d63119bd-51de-4275-9f59-d88491f438c7\"}]"},{"displayName":"Included Updated Properties","oldValue":null,"newValue":"\"AccountEnabled, AppAddress, AppPrincipalId, DisplayName, ServicePrincipalName, Credential\""},{"displayName":"TargetId.ServicePrincipalNames","oldValue":null,"newValue":"\"3edcf11f-df80-41b2-a5e4-7e213cca30d1\""}],"administrativeUnits":[]}],"additionalDetails":[{"key":"AppId","value":"3edcf11f-df80-41b2-a5e4-7e213cca30d1"}]}}
