﻿<?xml version="1.0" encoding="utf-8"?>
<DevTemplate>
  <Settings>
    <ZeroAddr>false</ZeroAddr>
    <DecAddr>true</DecAddr>
    <DefByteOrder2 />
    <DefByteOrder4 />
    <DefByteOrder8 />
  </Settings>
  <ElemGroups>
    <ElemGroup active="true" tableType="HoldingRegisters" address="0" name="WaterLevels">
      <Elem name="Dam1WaterLevel" type="ushort" byteOrder="" />
      <Elem name="Dam2WaterLevel" type="ushort" byteOrder="" />
      <Elem name="Dam3WaterLevel" type="ushort" byteOrder="" />
    </ElemGroup>
    <ElemGroup active="true" tableType="DiscreteInputs" address="0" name="StageStatus">
      <Elem name="Dam1UpperGate" />
      <Elem name="Dam1LowerGate" />
      <Elem name="Dam2UpperGate" />
      <Elem name="Dam2LowerGate" />
      <Elem name="Dam3UpperGate" />
      <Elem name="Dam3LowerGate" />
    </ElemGroup>
  </ElemGroups>
  <Cmds />
</DevTemplate>