{ "time": "2022-09-05T21:39:09.0803153Z", "resourceId": "/tenants/a00b7f6a-c061-4726-98a6-6dfb9bd1b4c9/providers/Microsoft.aadiam", "operationName": "Add user", "operationVersion": "1.0", "category": "AuditLogs", "tenantId": "a00b7f6a-c061-4726-98a6-6dfb9bd1b4c9", "resultSignature": "None", "durationMs": 0, "callerIpAddress": "20.190.151.161", "correlationId": "8eb192f0-a1fc-4ebb-9f46-ba6d780c3bd5", "Level": 4, "properties": {"id":"Directory_8eb192f0-a1fc-4ebb-9f46-ba6d780c3bd5_S2I6Z_210259013","category":"UserManagement","correlationId":"8eb192f0-a1fc-4ebb-9f46-ba6d780c3bd5","result":"success","resultReason":"","activityDisplayName":"Add user","activityDateTime":"2022-09-05T21:39:09.0803153+00:00","loggedByService":"Core Directory","operationType":"Add","userAgent":null,"initiatedBy":{"user":{"id":"06f891f9-5a07-4f8b-8756-c4eb0432a42a","displayName":null,"userPrincipalName":"derrick.brooks1110_gmail.com#EXT#@derrickbrooks1110gmail.onmicrosoft.com","ipAddress":"20.190.151.161","roles":[]}},"targetResources":[{"id":"b17dc1cd-a958-4d33-a791-d465e7cea693","displayName":null,"type":"User","userPrincipalName":"James@derrickbrooks1110gmail.onmicrosoft.com","modifiedProperties":[{"displayName":"AccountEnabled","oldValue":"[]","newValue":"[true]"},{"displayName":"DisplayName","oldValue":"[]","newValue":"[\"James Madison\"]"},{"displayName":"MailNickname","oldValue":"[]","newValue":"[\"James\"]"},{"displayName":"StsRefreshTokensValidFrom","oldValue":"[]","newValue":"[\"2022-09-05T21:39:08Z\"]"},{"displayName":"UserPrincipalName","oldValue":"[]","newValue":"[\"James@derrickbrooks1110gmail.onmicrosoft.com\"]"},{"displayName":"UserType","oldValue":"[]","newValue":"[\"Member\"]"},{"displayName":"Included Updated Properties","oldValue":null,"newValue":"\"AccountEnabled, DisplayName, MailNickname, StsRefreshTokensValidFrom, UserPrincipalName, UserType\""}],"administrativeUnits":[]}],"additionalDetails":[{"key":"User-Agent","value":"Mozilla/5.0 (Macintosh; Intel Mac OS X 10_15_7) AppleWebKit/605.1.15 (KHTML, like Gecko) Version/15.3 Safari/605.1.15"}]}}
{ "time": "2022-09-05T21:41:06.5484741Z", "resourceId": "/tenants/a00b7f6a-c061-4726-98a6-6dfb9bd1b4c9/providers/Microsoft.aadiam", "operationName": "Add user", "operationVersion": "1.0", "category": "AuditLogs", "tenantId": "a00b7f6a-c061-4726-98a6-6dfb9bd1b4c9", "resultSignature": "None", "durationMs": 0, "callerIpAddress": "20.190.151.161", "correlationId": "ef73c8aa-1d4a-4b19-a5fd-4ef91dc00456", "Level": 4, "properties": {"id":"Directory_ef73c8aa-1d4a-4b19-a5fd-4ef91dc00456_5QKL9_296922001","category":"UserManagement","correlationId":"ef73c8aa-1d4a-4b19-a5fd-4ef91dc00456","result":"success","resultReason":"","activityDisplayName":"Add user","activityDateTime":"2022-09-05T21:41:06.5484741+00:00","loggedByService":"Core Directory","operationType":"Add","userAgent":null,"initiatedBy":{"user":{"id":"06f891f9-5a07-4f8b-8756-c4eb0432a42a","displayName":null,"userPrincipalName":"derrick.brooks1110_gmail.com#EXT#@derrickbrooks1110gmail.onmicrosoft.com","ipAddress":"20.190.151.161","roles":[]}},"targetResources":[{"id":"c2bf1574-1318-45b7-9d26-fba1bab5a09e","displayName":null,"type":"User","userPrincipalName":"Sarah@derrickbrooks1110gmail.onmicrosoft.com","modifiedProperties":[{"displayName":"AccountEnabled","oldValue":"[]","newValue":"[true]"},{"displayName":"DisplayName","oldValue":"[]","newValue":"[\"Sarah Brown\"]"},{"displayName":"MailNickname","oldValue":"[]","newValue":"[\"Sarah\"]"},{"displayName":"StsRefreshTokensValidFrom","oldValue":"[]","newValue":"[\"2022-09-05T21:41:06Z\"]"},{"displayName":"UserPrincipalName","oldValue":"[]","newValue":"[\"Sarah@derrickbrooks1110gmail.onmicrosoft.com\"]"},{"displayName":"UserType","oldValue":"[]","newValue":"[\"Member\"]"},{"displayName":"Included Updated Properties","oldValue":null,"newValue":"\"AccountEnabled, DisplayName, MailNickname, StsRefreshTokensValidFrom, UserPrincipalName, UserType\""}],"administrativeUnits":[]}],"additionalDetails":[{"key":"User-Agent","value":"Mozilla/5.0 (Macintosh; Intel Mac OS X 10_15_7) AppleWebKit/605.1.15 (KHTML, like Gecko) Version/15.3 Safari/605.1.15"}]}}
{ "time": "2022-09-05T21:40:11.8168131Z", "resourceId": "/tenants/a00b7f6a-c061-4726-98a6-6dfb9bd1b4c9/providers/Microsoft.aadiam", "operationName": "Add user", "operationVersion": "1.0", "category": "AuditLogs", "tenantId": "a00b7f6a-c061-4726-98a6-6dfb9bd1b4c9", "resultSignature": "None", "durationMs": 0, "callerIpAddress": "20.190.151.161", "correlationId": "6cdd0bee-be9a-4930-8b03-db7f110e56aa", "Level": 4, "properties": {"id":"Directory_6cdd0bee-be9a-4930-8b03-db7f110e56aa_RV3NC_335258943","category":"UserManagement","correlationId":"6cdd0bee-be9a-4930-8b03-db7f110e56aa","result":"success","resultReason":"","activityDisplayName":"Add user","activityDateTime":"2022-09-05T21:40:11.8168131+00:00","loggedByService":"Core Directory","operationType":"Add","userAgent":null,"initiatedBy":{"user":{"id":"06f891f9-5a07-4f8b-8756-c4eb0432a42a","displayName":null,"userPrincipalName":"derrick.brooks1110_gmail.com#EXT#@derrickbrooks1110gmail.onmicrosoft.com","ipAddress":"20.190.151.161","roles":[]}},"targetResources":[{"id":"786937f5-2197-4720-94dd-f81d5dd7c2d5","displayName":null,"type":"User","userPrincipalName":"Donald@derrickbrooks1110gmail.onmicrosoft.com","modifiedProperties":[{"displayName":"AccountEnabled","oldValue":"[]","newValue":"[true]"},{"displayName":"DisplayName","oldValue":"[]","newValue":"[\"Donald Miller\"]"},{"displayName":"MailNickname","oldValue":"[]","newValue":"[\"Donald\"]"},{"displayName":"StsRefreshTokensValidFrom","oldValue":"[]","newValue":"[\"2022-09-05T21:40:11Z\"]"},{"displayName":"UserPrincipalName","oldValue":"[]","newValue":"[\"Donald@derrickbrooks1110gmail.onmicrosoft.com\"]"},{"displayName":"UserType","oldValue":"[]","newValue":"[\"Member\"]"},{"displayName":"Included Updated Properties","oldValue":null,"newValue":"\"AccountEnabled, DisplayName, MailNickname, StsRefreshTokensValidFrom, UserPrincipalName, UserType\""}],"administrativeUnits":[]}],"additionalDetails":[{"key":"User-Agent","value":"Mozilla/5.0 (Macintosh; Intel Mac OS X 10_15_7) AppleWebKit/605.1.15 (KHTML, like Gecko) Version/15.3 Safari/605.1.15"}]}}
{ "time": "2022-09-05T21:41:55.0329309Z", "resourceId": "/tenants/a00b7f6a-c061-4726-98a6-6dfb9bd1b4c9/providers/Microsoft.aadiam", "operationName": "Add user", "operationVersion": "1.0", "category": "AuditLogs", "tenantId": "a00b7f6a-c061-4726-98a6-6dfb9bd1b4c9", "resultSignature": "None", "durationMs": 0, "callerIpAddress": "20.190.151.161", "correlationId": "2402ec42-fc7b-412f-9ce7-55e3bc573ee4", "Level": 4, "properties": {"id":"Directory_2402ec42-fc7b-412f-9ce7-55e3bc573ee4_6MQQY_293705883","category":"UserManagement","correlationId":"2402ec42-fc7b-412f-9ce7-55e3bc573ee4","result":"success","resultReason":"","activityDisplayName":"Add user","activityDateTime":"2022-09-05T21:41:55.0329309+00:00","loggedByService":"Core Directory","operationType":"Add","userAgent":null,"initiatedBy":{"user":{"id":"06f891f9-5a07-4f8b-8756-c4eb0432a42a","displayName":null,"userPrincipalName":"derrick.brooks1110_gmail.com#EXT#@derrickbrooks1110gmail.onmicrosoft.com","ipAddress":"20.190.151.161","roles":[]}},"targetResources":[{"id":"ac8b9961-41fc-4943-8010-9cf883a96308","displayName":null,"type":"User","userPrincipalName":"Lisa@derrickbrooks1110gmail.onmicrosoft.com","modifiedProperties":[{"displayName":"AccountEnabled","oldValue":"[]","newValue":"[true]"},{"displayName":"DisplayName","oldValue":"[]","newValue":"[\"Lisa Smith\"]"},{"displayName":"MailNickname","oldValue":"[]","newValue":"[\"Lisa\"]"},{"displayName":"StsRefreshTokensValidFrom","oldValue":"[]","newValue":"[\"2022-09-05T21:41:54Z\"]"},{"displayName":"UserPrincipalName","oldValue":"[]","newValue":"[\"Lisa@derrickbrooks1110gmail.onmicrosoft.com\"]"},{"displayName":"UserType","oldValue":"[]","newValue":"[\"Member\"]"},{"displayName":"Included Updated Properties","oldValue":null,"newValue":"\"AccountEnabled, DisplayName, MailNickname, StsRefreshTokensValidFrom, UserPrincipalName, UserType\""}],"administrativeUnits":[]}],"additionalDetails":[{"key":"User-Agent","value":"Mozilla/5.0 (Macintosh; Intel Mac OS X 10_15_7) AppleWebKit/605.1.15 (KHTML, like Gecko) Version/15.3 Safari/605.1.15"}]}}
{ "time": "2022-09-05T21:43:53.5944948Z", "resourceId": "/tenants/a00b7f6a-c061-4726-98a6-6dfb9bd1b4c9/providers/Microsoft.aadiam", "operationName": "Add user", "operationVersion": "1.0", "category": "AuditLogs", "tenantId": "a00b7f6a-c061-4726-98a6-6dfb9bd1b4c9", "resultSignature": "None", "durationMs": 0, "callerIpAddress": "40.126.23.162", "correlationId": "735a21fb-78b9-4285-851c-c9a0b17e9e2c", "Level": 4, "properties": {"id":"Directory_735a21fb-78b9-4285-851c-c9a0b17e9e2c_IKY1L_160822095","category":"UserManagement","correlationId":"735a21fb-78b9-4285-851c-c9a0b17e9e2c","result":"success","resultReason":"","activityDisplayName":"Add user","activityDateTime":"2022-09-05T21:43:53.5944948+00:00","loggedByService":"Core Directory","operationType":"Add","userAgent":null,"initiatedBy":{"user":{"id":"06f891f9-5a07-4f8b-8756-c4eb0432a42a","displayName":null,"userPrincipalName":"derrick.brooks1110_gmail.com#EXT#@derrickbrooks1110gmail.onmicrosoft.com","ipAddress":"40.126.23.162","roles":[]}},"targetResources":[{"id":"fa419af2-78db-4e30-a336-f43fb9a1b928","displayName":null,"type":"User","userPrincipalName":"Larry@derrickbrooks1110gmail.onmicrosoft.com","modifiedProperties":[{"displayName":"AccountEnabled","oldValue":"[]","newValue":"[true]"},{"displayName":"DisplayName","oldValue":"[]","newValue":"[\"Larry Jones\"]"},{"displayName":"MailNickname","oldValue":"[]","newValue":"[\"Larry\"]"},{"displayName":"StsRefreshTokensValidFrom","oldValue":"[]","newValue":"[\"2022-09-05T21:43:53Z\"]"},{"displayName":"UserPrincipalName","oldValue":"[]","newValue":"[\"Larry@derrickbrooks1110gmail.onmicrosoft.com\"]"},{"displayName":"UserType","oldValue":"[]","newValue":"[\"Member\"]"},{"displayName":"Included Updated Properties","oldValue":null,"newValue":"\"AccountEnabled, DisplayName, MailNickname, StsRefreshTokensValidFrom, UserPrincipalName, UserType\""}],"administrativeUnits":[]}],"additionalDetails":[{"key":"User-Agent","value":"Mozilla/5.0 (Macintosh; Intel Mac OS X 10_15_7) AppleWebKit/605.1.15 (KHTML, like Gecko) Version/15.3 Safari/605.1.15"}]}}
{ "time": "2022-09-05T21:44:36.6697630Z", "resourceId": "/tenants/a00b7f6a-c061-4726-98a6-6dfb9bd1b4c9/providers/Microsoft.aadiam", "operationName": "Add user", "operationVersion": "1.0", "category": "AuditLogs", "tenantId": "a00b7f6a-c061-4726-98a6-6dfb9bd1b4c9", "resultSignature": "None", "durationMs": 0, "callerIpAddress": "40.126.23.162", "correlationId": "43f5f54b-e99e-4774-ab02-139f568be54e", "Level": 4, "properties": {"id":"Directory_43f5f54b-e99e-4774-ab02-139f568be54e_JKD7H_242948637","category":"UserManagement","correlationId":"43f5f54b-e99e-4774-ab02-139f568be54e","result":"success","resultReason":"","activityDisplayName":"Add user","activityDateTime":"2022-09-05T21:44:36.669763+00:00","loggedByService":"Core Directory","operationType":"Add","userAgent":null,"initiatedBy":{"user":{"id":"06f891f9-5a07-4f8b-8756-c4eb0432a42a","displayName":null,"userPrincipalName":"derrick.brooks1110_gmail.com#EXT#@derrickbrooks1110gmail.onmicrosoft.com","ipAddress":"40.126.23.162","roles":[]}},"targetResources":[{"id":"6257c682-520e-40a5-829d-3e579cbbdff6","displayName":null,"type":"User","userPrincipalName":"Frank@derrickbrooks1110gmail.onmicrosoft.com","modifiedProperties":[{"displayName":"AccountEnabled","oldValue":"[]","newValue":"[true]"},{"displayName":"DisplayName","oldValue":"[]","newValue":"[\"Frank Lopez\"]"},{"displayName":"MailNickname","oldValue":"[]","newValue":"[\"Frank\"]"},{"displayName":"StsRefreshTokensValidFrom","oldValue":"[]","newValue":"[\"2022-09-05T21:44:36Z\"]"},{"displayName":"UserPrincipalName","oldValue":"[]","newValue":"[\"Frank@derrickbrooks1110gmail.onmicrosoft.com\"]"},{"displayName":"UserType","oldValue":"[]","newValue":"[\"Member\"]"},{"displayName":"Included Updated Properties","oldValue":null,"newValue":"\"AccountEnabled, DisplayName, MailNickname, StsRefreshTokensValidFrom, UserPrincipalName, UserType\""}],"administrativeUnits":[]}],"additionalDetails":[{"key":"User-Agent","value":"Mozilla/5.0 (Macintosh; Intel Mac OS X 10_15_7) AppleWebKit/605.1.15 (KHTML, like Gecko) Version/15.3 Safari/605.1.15"}]}}
{ "time": "2022-09-05T21:51:37.9247441Z", "resourceId": "/tenants/a00b7f6a-c061-4726-98a6-6dfb9bd1b4c9/providers/Microsoft.aadiam", "operationName": "Add user", "operationVersion": "1.0", "category": "AuditLogs", "tenantId": "a00b7f6a-c061-4726-98a6-6dfb9bd1b4c9", "resultSignature": "None", "durationMs": 0, "callerIpAddress": "20.190.151.37", "correlationId": "3b4f5c47-f244-488f-9f7b-23e638e207c3", "Level": 4, "properties": {"id":"Directory_3b4f5c47-f244-488f-9f7b-23e638e207c3_SWEWY_55094437","category":"UserManagement","correlationId":"3b4f5c47-f244-488f-9f7b-23e638e207c3","result":"success","resultReason":"","activityDisplayName":"Add user","activityDateTime":"2022-09-05T21:51:37.9247441+00:00","loggedByService":"Core Directory","operationType":"Add","userAgent":null,"initiatedBy":{"user":{"id":"06f891f9-5a07-4f8b-8756-c4eb0432a42a","displayName":null,"userPrincipalName":"derrick.brooks1110_gmail.com#EXT#@derrickbrooks1110gmail.onmicrosoft.com","ipAddress":"20.190.151.37","roles":[]}},"targetResources":[{"id":"ef99c2d3-959d-4642-8c80-3f845c7b4828","displayName":null,"type":"User","userPrincipalName":"Justin@derrickbrooks1110gmail.onmicrosoft.com","modifiedProperties":[{"displayName":"AccountEnabled","oldValue":"[]","newValue":"[true]"},{"displayName":"DisplayName","oldValue":"[]","newValue":"[\"Justin White\"]"},{"displayName":"MailNickname","oldValue":"[]","newValue":"[\"Justin\"]"},{"displayName":"StsRefreshTokensValidFrom","oldValue":"[]","newValue":"[\"2022-09-05T21:51:37Z\"]"},{"displayName":"UserPrincipalName","oldValue":"[]","newValue":"[\"Justin@derrickbrooks1110gmail.onmicrosoft.com\"]"},{"displayName":"UserType","oldValue":"[]","newValue":"[\"Member\"]"},{"displayName":"Included Updated Properties","oldValue":null,"newValue":"\"AccountEnabled, DisplayName, MailNickname, StsRefreshTokensValidFrom, UserPrincipalName, UserType\""}],"administrativeUnits":[]}],"additionalDetails":[{"key":"User-Agent","value":"Mozilla/5.0 (Macintosh; Intel Mac OS X 10_15_7) AppleWebKit/605.1.15 (KHTML, like Gecko) Version/15.3 Safari/605.1.15"}]}}
{ "time": "2022-09-05T21:54:08.6358751Z", "resourceId": "/tenants/a00b7f6a-c061-4726-98a6-6dfb9bd1b4c9/providers/Microsoft.aadiam", "operationName": "Change password (self-service)", "operationVersion": "1.0", "category": "AuditLogs", "tenantId": "a00b7f6a-c061-4726-98a6-6dfb9bd1b4c9", "resultSignature": "None", "resultDescription": "PasswordDoesnotComplyFuzzyPolicy", "durationMs": 0, "correlationId": "6fc4de48-2e3f-4ce7-aa50-4f13b5cce5d9", "Level": 4, "properties": {"id":"SSPR_6fc4de48-2e3f-4ce7-aa50-4f13b5cce5d9_MP361_1227545","category":"UserManagement","correlationId":"6fc4de48-2e3f-4ce7-aa50-4f13b5cce5d9","result":"failure","resultReason":"PasswordDoesnotComplyFuzzyPolicy","activityDisplayName":"Change password (self-service)","activityDateTime":"2022-09-05T21:54:08.6358751+00:00","loggedByService":"Self-service Password Management","operationType":"Update","userAgent":null,"initiatedBy":{"user":{"id":"fa419af2-78db-4e30-a336-f43fb9a1b928","displayName":null,"userPrincipalName":"Larry@derrickbrooks1110gmail.onmicrosoft.com","ipAddress":"","roles":[]}},"targetResources":[{"id":"fa419af2-78db-4e30-a336-f43fb9a1b928","displayName":"Larry Jones","type":"User","userPrincipalName":"Larry@derrickbrooks1110gmail.onmicrosoft.com","modifiedProperties":[],"administrativeUnits":[]}],"additionalDetails":[{"key":"OnPremisesAgent","value":"None"}]}}
{ "time": "2022-09-05T21:53:55.0688470Z", "resourceId": "/tenants/a00b7f6a-c061-4726-98a6-6dfb9bd1b4c9/providers/Microsoft.aadiam", "operationName": "Change password (self-service)", "operationVersion": "1.0", "category": "AuditLogs", "tenantId": "a00b7f6a-c061-4726-98a6-6dfb9bd1b4c9", "resultSignature": "None", "resultDescription": "PasswordDoesnotComplyFuzzyPolicy", "durationMs": 0, "correlationId": "6fc4de48-2e3f-4ce7-aa50-4f13b5cce5d9", "Level": 4, "properties": {"id":"SSPR_6fc4de48-2e3f-4ce7-aa50-4f13b5cce5d9_79CP9_14306819","category":"UserManagement","correlationId":"6fc4de48-2e3f-4ce7-aa50-4f13b5cce5d9","result":"failure","resultReason":"PasswordDoesnotComplyFuzzyPolicy","activityDisplayName":"Change password (self-service)","activityDateTime":"2022-09-05T21:53:55.068847+00:00","loggedByService":"Self-service Password Management","operationType":"Update","userAgent":null,"initiatedBy":{"user":{"id":"fa419af2-78db-4e30-a336-f43fb9a1b928","displayName":null,"userPrincipalName":"Larry@derrickbrooks1110gmail.onmicrosoft.com","ipAddress":"","roles":[]}},"targetResources":[{"id":"fa419af2-78db-4e30-a336-f43fb9a1b928","displayName":"Larry Jones","type":"User","userPrincipalName":"Larry@derrickbrooks1110gmail.onmicrosoft.com","modifiedProperties":[],"administrativeUnits":[]}],"additionalDetails":[{"key":"OnPremisesAgent","value":"None"}]}}
{ "time": "2022-09-05T21:53:32.2883196Z", "resourceId": "/tenants/a00b7f6a-c061-4726-98a6-6dfb9bd1b4c9/providers/Microsoft.aadiam", "operationName": "Change password (self-service)", "operationVersion": "1.0", "category": "AuditLogs", "tenantId": "a00b7f6a-c061-4726-98a6-6dfb9bd1b4c9", "resultSignature": "None", "resultDescription": "PasswordDoesnotComplyFuzzyPolicy", "durationMs": 0, "correlationId": "6fc4de48-2e3f-4ce7-aa50-4f13b5cce5d9", "Level": 4, "properties": {"id":"SSPR_6fc4de48-2e3f-4ce7-aa50-4f13b5cce5d9_VMJD3_1239563","category":"UserManagement","correlationId":"6fc4de48-2e3f-4ce7-aa50-4f13b5cce5d9","result":"failure","resultReason":"PasswordDoesnotComplyFuzzyPolicy","activityDisplayName":"Change password (self-service)","activityDateTime":"2022-09-05T21:53:32.2883196+00:00","loggedByService":"Self-service Password Management","operationType":"Update","userAgent":null,"initiatedBy":{"user":{"id":"fa419af2-78db-4e30-a336-f43fb9a1b928","displayName":null,"userPrincipalName":"Larry@derrickbrooks1110gmail.onmicrosoft.com","ipAddress":"","roles":[]}},"targetResources":[{"id":"fa419af2-78db-4e30-a336-f43fb9a1b928","displayName":"Larry Jones","type":"User","userPrincipalName":"Larry@derrickbrooks1110gmail.onmicrosoft.com","modifiedProperties":[],"administrativeUnits":[]}],"additionalDetails":[{"key":"OnPremisesAgent","value":"None"}]}}
{ "time": "2022-09-05T21:55:39.7577438Z", "resourceId": "/tenants/a00b7f6a-c061-4726-98a6-6dfb9bd1b4c9/providers/Microsoft.aadiam", "operationName": "Change user password", "operationVersion": "1.0", "category": "AuditLogs", "tenantId": "a00b7f6a-c061-4726-98a6-6dfb9bd1b4c9", "resultSignature": "None", "durationMs": 0, "correlationId": "13ffc367-caa1-4b48-89ee-2c1a7300437f", "Level": 4, "properties": {"id":"Directory_13ffc367-caa1-4b48-89ee-2c1a7300437f_Q7316_20600935","category":"UserManagement","correlationId":"13ffc367-caa1-4b48-89ee-2c1a7300437f","result":"success","resultReason":"","activityDisplayName":"Change user password","activityDateTime":"2022-09-05T21:55:39.7577438+00:00","loggedByService":"Core Directory","operationType":"Update","userAgent":null,"initiatedBy":{"user":{"id":"fa419af2-78db-4e30-a336-f43fb9a1b928","displayName":null,"userPrincipalName":"Larry@derrickbrooks1110gmail.onmicrosoft.com","ipAddress":"","roles":[]}},"targetResources":[{"id":"fa419af2-78db-4e30-a336-f43fb9a1b928","displayName":null,"type":"User","userPrincipalName":"Larry@derrickbrooks1110gmail.onmicrosoft.com","modifiedProperties":[],"administrativeUnits":[]}],"additionalDetails":[]}}
{ "time": "2022-09-05T21:55:39.7577438Z", "resourceId": "/tenants/a00b7f6a-c061-4726-98a6-6dfb9bd1b4c9/providers/Microsoft.aadiam", "operationName": "Update StsRefreshTokenValidFrom Timestamp", "operationVersion": "1.0", "category": "AuditLogs", "tenantId": "a00b7f6a-c061-4726-98a6-6dfb9bd1b4c9", "resultSignature": "None", "durationMs": 0, "correlationId": "13ffc367-caa1-4b48-89ee-2c1a7300437f", "Level": 4, "properties": {"id":"Directory_13ffc367-caa1-4b48-89ee-2c1a7300437f_Q7316_20600942","category":"UserManagement","correlationId":"13ffc367-caa1-4b48-89ee-2c1a7300437f","result":"success","resultReason":"","activityDisplayName":"Update StsRefreshTokenValidFrom Timestamp","activityDateTime":"2022-09-05T21:55:39.7577438+00:00","loggedByService":"Core Directory","operationType":"Update","userAgent":null,"initiatedBy":{"user":{"id":"fa419af2-78db-4e30-a336-f43fb9a1b928","displayName":null,"userPrincipalName":"Larry@derrickbrooks1110gmail.onmicrosoft.com","ipAddress":"","roles":[]}},"targetResources":[{"id":"fa419af2-78db-4e30-a336-f43fb9a1b928","displayName":null,"type":"User","userPrincipalName":"Larry@derrickbrooks1110gmail.onmicrosoft.com","modifiedProperties":[],"administrativeUnits":[]}],"additionalDetails":[]}}
{ "time": "2022-09-05T21:55:18.4229447Z", "resourceId": "/tenants/a00b7f6a-c061-4726-98a6-6dfb9bd1b4c9/providers/Microsoft.aadiam", "operationName": "Change user password", "operationVersion": "1.0", "category": "AuditLogs", "tenantId": "a00b7f6a-c061-4726-98a6-6dfb9bd1b4c9", "resultSignature": "None", "resultDescription": "Microsoft.Online.Workflows.WeakPasswordException", "durationMs": 0, "correlationId": "56b7f6e5-d383-41d6-8e81-6f29f5899439", "Level": 4, "properties": {"id":"Directory_56b7f6e5-d383-41d6-8e81-6f29f5899439_EJ0T6_48807396","category":"UserManagement","correlationId":"56b7f6e5-d383-41d6-8e81-6f29f5899439","result":"failure","resultReason":"Microsoft.Online.Workflows.WeakPasswordException","activityDisplayName":"Change user password","activityDateTime":"2022-09-05T21:55:18.4229447+00:00","loggedByService":"Core Directory","operationType":"Update","userAgent":null,"initiatedBy":{"user":{"id":"fa419af2-78db-4e30-a336-f43fb9a1b928","displayName":null,"userPrincipalName":"Larry@derrickbrooks1110gmail.onmicrosoft.com","ipAddress":"","roles":[]}},"targetResources":[{"id":"fa419af2-78db-4e30-a336-f43fb9a1b928","displayName":null,"type":"User","userPrincipalName":"Larry@derrickbrooks1110gmail.onmicrosoft.com","modifiedProperties":[{"displayName":"MethodExecutionResult.","oldValue":null,"newValue":"\"Microsoft.Online.Workflows.WeakPasswordException\""}],"administrativeUnits":[]}],"additionalDetails":[]}}
{ "time": "2022-09-05T21:55:18.4229447Z", "resourceId": "/tenants/a00b7f6a-c061-4726-98a6-6dfb9bd1b4c9/providers/Microsoft.aadiam", "operationName": "Update StsRefreshTokenValidFrom Timestamp", "operationVersion": "1.0", "category": "AuditLogs", "tenantId": "a00b7f6a-c061-4726-98a6-6dfb9bd1b4c9", "resultSignature": "None", "resultDescription": "Microsoft.Online.Workflows.WeakPasswordException", "durationMs": 0, "correlationId": "56b7f6e5-d383-41d6-8e81-6f29f5899439", "Level": 4, "properties": {"id":"Directory_56b7f6e5-d383-41d6-8e81-6f29f5899439_EJ0T6_48807401","category":"UserManagement","correlationId":"56b7f6e5-d383-41d6-8e81-6f29f5899439","result":"failure","resultReason":"Microsoft.Online.Workflows.WeakPasswordException","activityDisplayName":"Update StsRefreshTokenValidFrom Timestamp","activityDateTime":"2022-09-05T21:55:18.4229447+00:00","loggedByService":"Core Directory","operationType":"Update","userAgent":null,"initiatedBy":{"user":{"id":"fa419af2-78db-4e30-a336-f43fb9a1b928","displayName":null,"userPrincipalName":"Larry@derrickbrooks1110gmail.onmicrosoft.com","ipAddress":"","roles":[]}},"targetResources":[{"id":"fa419af2-78db-4e30-a336-f43fb9a1b928","displayName":null,"type":"User","userPrincipalName":"Larry@derrickbrooks1110gmail.onmicrosoft.com","modifiedProperties":[{"displayName":"MethodExecutionResult.","oldValue":null,"newValue":"\"Microsoft.Online.Workflows.WeakPasswordException\""}],"administrativeUnits":[]}],"additionalDetails":[]}}
{ "time": "2022-09-05T21:55:39.7675449Z", "resourceId": "/tenants/a00b7f6a-c061-4726-98a6-6dfb9bd1b4c9/providers/Microsoft.aadiam", "operationName": "Change password (self-service)", "operationVersion": "1.0", "category": "AuditLogs", "tenantId": "a00b7f6a-c061-4726-98a6-6dfb9bd1b4c9", "resultSignature": "None", "resultDescription": "None", "durationMs": 0, "correlationId": "6fc4de48-2e3f-4ce7-aa50-4f13b5cce5d9", "Level": 4, "properties": {"id":"SSPR_6fc4de48-2e3f-4ce7-aa50-4f13b5cce5d9_YKJ02_7443359","category":"UserManagement","correlationId":"6fc4de48-2e3f-4ce7-aa50-4f13b5cce5d9","result":"success","resultReason":"None","activityDisplayName":"Change password (self-service)","activityDateTime":"2022-09-05T21:55:39.7675449+00:00","loggedByService":"Self-service Password Management","operationType":"Update","userAgent":null,"initiatedBy":{"user":{"id":"fa419af2-78db-4e30-a336-f43fb9a1b928","displayName":null,"userPrincipalName":"Larry@derrickbrooks1110gmail.onmicrosoft.com","ipAddress":"","roles":[]}},"targetResources":[{"id":"fa419af2-78db-4e30-a336-f43fb9a1b928","displayName":"Larry Jones","type":"User","userPrincipalName":"Larry@derrickbrooks1110gmail.onmicrosoft.com","modifiedProperties":[],"administrativeUnits":[]}],"additionalDetails":[{"key":"OnPremisesAgent","value":"None"}]}}
{ "time": "2022-09-05T21:55:18.4273216Z", "resourceId": "/tenants/a00b7f6a-c061-4726-98a6-6dfb9bd1b4c9/providers/Microsoft.aadiam", "operationName": "Change password (self-service)", "operationVersion": "1.0", "category": "AuditLogs", "tenantId": "a00b7f6a-c061-4726-98a6-6dfb9bd1b4c9", "resultSignature": "None", "resultDescription": "CloudPasswordPolicyError", "durationMs": 0, "correlationId": "6fc4de48-2e3f-4ce7-aa50-4f13b5cce5d9", "Level": 4, "properties": {"id":"SSPR_6fc4de48-2e3f-4ce7-aa50-4f13b5cce5d9_RSQQZ_18125623","category":"UserManagement","correlationId":"6fc4de48-2e3f-4ce7-aa50-4f13b5cce5d9","result":"failure","resultReason":"CloudPasswordPolicyError","activityDisplayName":"Change password (self-service)","activityDateTime":"2022-09-05T21:55:18.4273216+00:00","loggedByService":"Self-service Password Management","operationType":"Update","userAgent":null,"initiatedBy":{"user":{"id":"fa419af2-78db-4e30-a336-f43fb9a1b928","displayName":null,"userPrincipalName":"Larry@derrickbrooks1110gmail.onmicrosoft.com","ipAddress":"","roles":[]}},"targetResources":[{"id":"fa419af2-78db-4e30-a336-f43fb9a1b928","displayName":"Larry Jones","type":"User","userPrincipalName":"Larry@derrickbrooks1110gmail.onmicrosoft.com","modifiedProperties":[],"administrativeUnits":[]}],"additionalDetails":[{"key":"OnPremisesAgent","value":"None"}]}}
