{ "time": "2022-09-06T12:40:40.8321370Z", "resourceId": "/tenants/a00b7f6a-c061-4726-98a6-6dfb9bd1b4c9/providers/Microsoft.aadiam", "operationName": "Change password (self-service)", "operationVersion": "1.0", "category": "AuditLogs", "tenantId": "a00b7f6a-c061-4726-98a6-6dfb9bd1b4c9", "resultSignature": "None", "resultDescription": "None", "durationMs": 0, "correlationId": "6fc4de48-2e3f-4ce7-aa50-4f13b5cce5d9", "Level": 4, "properties": {"id":"SSPR_6fc4de48-2e3f-4ce7-aa50-4f13b5cce5d9_UVGBV_883512","category":"UserManagement","correlationId":"6fc4de48-2e3f-4ce7-aa50-4f13b5cce5d9","result":"success","resultReason":"None","activityDisplayName":"Change password (self-service)","activityDateTime":"2022-09-06T12:40:40.832137+00:00","loggedByService":"Self-service Password Management","operationType":"Update","userAgent":null,"initiatedBy":{"user":{"id":"ac8b9961-41fc-4943-8010-9cf883a96308","displayName":null,"userPrincipalName":"Lisa@derrickbrooks1110gmail.onmicrosoft.com","ipAddress":"","roles":[]}},"targetResources":[{"id":"ac8b9961-41fc-4943-8010-9cf883a96308","displayName":"Lisa Smith","type":"User","userPrincipalName":"Lisa@derrickbrooks1110gmail.onmicrosoft.com","modifiedProperties":[],"administrativeUnits":[]}],"additionalDetails":[{"key":"OnPremisesAgent","value":"None"}]}}
{ "time": "2022-09-06T12:40:40.8325445Z", "resourceId": "/tenants/a00b7f6a-c061-4726-98a6-6dfb9bd1b4c9/providers/Microsoft.aadiam", "operationName": "Change user password", "operationVersion": "1.0", "category": "AuditLogs", "tenantId": "a00b7f6a-c061-4726-98a6-6dfb9bd1b4c9", "resultSignature": "None", "durationMs": 0, "correlationId": "0d2d76e1-b2e1-4faf-941e-d2955e959c92", "Level": 4, "properties": {"id":"Directory_0d2d76e1-b2e1-4faf-941e-d2955e959c92_SAG3R_15119009","category":"UserManagement","correlationId":"0d2d76e1-b2e1-4faf-941e-d2955e959c92","result":"success","resultReason":"","activityDisplayName":"Change user password","activityDateTime":"2022-09-06T12:40:40.8325445+00:00","loggedByService":"Core Directory","operationType":"Update","userAgent":null,"initiatedBy":{"user":{"id":"ac8b9961-41fc-4943-8010-9cf883a96308","displayName":null,"userPrincipalName":"Lisa@derrickbrooks1110gmail.onmicrosoft.com","ipAddress":"","roles":[]}},"targetResources":[{"id":"ac8b9961-41fc-4943-8010-9cf883a96308","displayName":null,"type":"User","userPrincipalName":"Lisa@derrickbrooks1110gmail.onmicrosoft.com","modifiedProperties":[],"administrativeUnits":[]}],"additionalDetails":[]}}
{ "time": "2022-09-06T12:40:40.8325445Z", "resourceId": "/tenants/a00b7f6a-c061-4726-98a6-6dfb9bd1b4c9/providers/Microsoft.aadiam", "operationName": "Update StsRefreshTokenValidFrom Timestamp", "operationVersion": "1.0", "category": "AuditLogs", "tenantId": "a00b7f6a-c061-4726-98a6-6dfb9bd1b4c9", "resultSignature": "None", "durationMs": 0, "correlationId": "0d2d76e1-b2e1-4faf-941e-d2955e959c92", "Level": 4, "properties": {"id":"Directory_0d2d76e1-b2e1-4faf-941e-d2955e959c92_SAG3R_15119016","category":"UserManagement","correlationId":"0d2d76e1-b2e1-4faf-941e-d2955e959c92","result":"success","resultReason":"","activityDisplayName":"Update StsRefreshTokenValidFrom Timestamp","activityDateTime":"2022-09-06T12:40:40.8325445+00:00","loggedByService":"Core Directory","operationType":"Update","userAgent":null,"initiatedBy":{"user":{"id":"ac8b9961-41fc-4943-8010-9cf883a96308","displayName":null,"userPrincipalName":"Lisa@derrickbrooks1110gmail.onmicrosoft.com","ipAddress":"","roles":[]}},"targetResources":[{"id":"ac8b9961-41fc-4943-8010-9cf883a96308","displayName":null,"type":"User","userPrincipalName":"Lisa@derrickbrooks1110gmail.onmicrosoft.com","modifiedProperties":[],"administrativeUnits":[]}],"additionalDetails":[]}}
{ "time": "2022-09-06T12:50:12.6250781Z", "resourceId": "/tenants/a00b7f6a-c061-4726-98a6-6dfb9bd1b4c9/providers/Microsoft.aadiam", "operationName": "Change password (self-service)", "operationVersion": "1.0", "category": "AuditLogs", "tenantId": "a00b7f6a-c061-4726-98a6-6dfb9bd1b4c9", "resultSignature": "None", "resultDescription": "None", "durationMs": 0, "correlationId": "6fc4de48-2e3f-4ce7-aa50-4f13b5cce5d9", "Level": 4, "properties": {"id":"SSPR_6fc4de48-2e3f-4ce7-aa50-4f13b5cce5d9_3W9ZX_11666874","category":"UserManagement","correlationId":"6fc4de48-2e3f-4ce7-aa50-4f13b5cce5d9","result":"success","resultReason":"None","activityDisplayName":"Change password (self-service)","activityDateTime":"2022-09-06T12:50:12.6250781+00:00","loggedByService":"Self-service Password Management","operationType":"Update","userAgent":null,"initiatedBy":{"user":{"id":"c2bf1574-1318-45b7-9d26-fba1bab5a09e","displayName":null,"userPrincipalName":"Sarah@derrickbrooks1110gmail.onmicrosoft.com","ipAddress":"","roles":[]}},"targetResources":[{"id":"c2bf1574-1318-45b7-9d26-fba1bab5a09e","displayName":"Sarah Brown","type":"User","userPrincipalName":"Sarah@derrickbrooks1110gmail.onmicrosoft.com","modifiedProperties":[],"administrativeUnits":[]}],"additionalDetails":[{"key":"OnPremisesAgent","value":"None"}]}}
{ "time": "2022-09-06T12:50:12.6165341Z", "resourceId": "/tenants/a00b7f6a-c061-4726-98a6-6dfb9bd1b4c9/providers/Microsoft.aadiam", "operationName": "Change user password", "operationVersion": "1.0", "category": "AuditLogs", "tenantId": "a00b7f6a-c061-4726-98a6-6dfb9bd1b4c9", "resultSignature": "None", "durationMs": 0, "correlationId": "e1726067-aacc-4b1d-85e2-45dac082a2e7", "Level": 4, "properties": {"id":"Directory_e1726067-aacc-4b1d-85e2-45dac082a2e7_A5CCL_36479531","category":"UserManagement","correlationId":"e1726067-aacc-4b1d-85e2-45dac082a2e7","result":"success","resultReason":"","activityDisplayName":"Change user password","activityDateTime":"2022-09-06T12:50:12.6165341+00:00","loggedByService":"Core Directory","operationType":"Update","userAgent":null,"initiatedBy":{"user":{"id":"c2bf1574-1318-45b7-9d26-fba1bab5a09e","displayName":null,"userPrincipalName":"Sarah@derrickbrooks1110gmail.onmicrosoft.com","ipAddress":"","roles":[]}},"targetResources":[{"id":"c2bf1574-1318-45b7-9d26-fba1bab5a09e","displayName":null,"type":"User","userPrincipalName":"Sarah@derrickbrooks1110gmail.onmicrosoft.com","modifiedProperties":[],"administrativeUnits":[]}],"additionalDetails":[]}}
{ "time": "2022-09-06T12:50:12.6165341Z", "resourceId": "/tenants/a00b7f6a-c061-4726-98a6-6dfb9bd1b4c9/providers/Microsoft.aadiam", "operationName": "Update StsRefreshTokenValidFrom Timestamp", "operationVersion": "1.0", "category": "AuditLogs", "tenantId": "a00b7f6a-c061-4726-98a6-6dfb9bd1b4c9", "resultSignature": "None", "durationMs": 0, "correlationId": "e1726067-aacc-4b1d-85e2-45dac082a2e7", "Level": 4, "properties": {"id":"Directory_e1726067-aacc-4b1d-85e2-45dac082a2e7_A5CCL_36479539","category":"UserManagement","correlationId":"e1726067-aacc-4b1d-85e2-45dac082a2e7","result":"success","resultReason":"","activityDisplayName":"Update StsRefreshTokenValidFrom Timestamp","activityDateTime":"2022-09-06T12:50:12.6165341+00:00","loggedByService":"Core Directory","operationType":"Update","userAgent":null,"initiatedBy":{"user":{"id":"c2bf1574-1318-45b7-9d26-fba1bab5a09e","displayName":null,"userPrincipalName":"Sarah@derrickbrooks1110gmail.onmicrosoft.com","ipAddress":"","roles":[]}},"targetResources":[{"id":"c2bf1574-1318-45b7-9d26-fba1bab5a09e","displayName":null,"type":"User","userPrincipalName":"Sarah@derrickbrooks1110gmail.onmicrosoft.com","modifiedProperties":[],"administrativeUnits":[]}],"additionalDetails":[]}}
{ "time": "2022-09-06T12:54:46.2130421Z", "resourceId": "/tenants/a00b7f6a-c061-4726-98a6-6dfb9bd1b4c9/providers/Microsoft.aadiam", "operationName": "Add service principal", "operationVersion": "1.0", "category": "AuditLogs", "tenantId": "a00b7f6a-c061-4726-98a6-6dfb9bd1b4c9", "resultSignature": "None", "durationMs": 0, "callerIpAddress": "20.62.131.21", "correlationId": "eade8c11-6068-4b13-8c64-67fc5a201b93", "identity": "Windows Azure Service Management API", "Level": 4, "properties": {"id":"Directory_eade8c11-6068-4b13-8c64-67fc5a201b93_T6TT7_274277915","category":"ApplicationManagement","correlationId":"eade8c11-6068-4b13-8c64-67fc5a201b93","result":"success","resultReason":"","activityDisplayName":"Add service principal","activityDateTime":"2022-09-06T12:54:46.2130421+00:00","loggedByService":"Core Directory","operationType":"Add","userAgent":null,"initiatedBy":{"app":{"appId":null,"displayName":"Windows Azure Service Management API","servicePrincipalId":"b904eec0-97c0-4e56-8ef3-72a9979007ca","servicePrincipalName":null}},"targetResources":[{"id":"70aa1bf3-c2d6-4073-b1ad-3723fdc52a41","displayName":"Azure Cost Management Scheduled Actions","type":"ServicePrincipal","modifiedProperties":[{"displayName":"AccountEnabled","oldValue":"[]","newValue":"[true]"},{"displayName":"AppPrincipalId","oldValue":"[]","newValue":"[\"6b3368c6-61d2-4a72-854c-42d1c4e71fed\"]"},{"displayName":"DisplayName","oldValue":"[]","newValue":"[\"Azure Cost Management Scheduled Actions\"]"},{"displayName":"ServicePrincipalName","oldValue":"[]","newValue":"[\"api://6b3368c6-61d2-4a72-854c-42d1c4e71fed\",\"6b3368c6-61d2-4a72-854c-42d1c4e71fed\"]"},{"displayName":"Credential","oldValue":"[]","newValue":"[{\"CredentialType\":2,\"KeyStoreId\":\"291154f0-a9f5-45bb-87be-9c8ee5b6d62c\",\"KeyGroupId\":\"09e1ea6a-a439-4827-bfee-5fce9e176f87\"}]"},{"displayName":"Included Updated Properties","oldValue":null,"newValue":"\"AccountEnabled, AppPrincipalId, DisplayName, ServicePrincipalName, Credential\""},{"displayName":"TargetId.ServicePrincipalNames","oldValue":null,"newValue":"\"api://6b3368c6-61d2-4a72-854c-42d1c4e71fed;6b3368c6-61d2-4a72-854c-42d1c4e71fed\""}],"administrativeUnits":[]}],"additionalDetails":[{"key":"AppId","value":"6b3368c6-61d2-4a72-854c-42d1c4e71fed"}]}}
{ "time": "2022-09-06T12:54:46.3190492Z", "resourceId": "/tenants/a00b7f6a-c061-4726-98a6-6dfb9bd1b4c9/providers/Microsoft.aadiam", "operationName": "Add service principal", "operationVersion": "1.0", "category": "AuditLogs", "tenantId": "a00b7f6a-c061-4726-98a6-6dfb9bd1b4c9", "resultSignature": "None", "durationMs": 0, "callerIpAddress": "20.62.131.21", "correlationId": "24f8e4e9-a332-488c-9032-d5fc90213235", "identity": "Windows Azure Service Management API", "Level": 4, "properties": {"id":"Directory_24f8e4e9-a332-488c-9032-d5fc90213235_RLSUS_117196779","category":"ApplicationManagement","correlationId":"24f8e4e9-a332-488c-9032-d5fc90213235","result":"success","resultReason":"","activityDisplayName":"Add service principal","activityDateTime":"2022-09-06T12:54:46.3190492+00:00","loggedByService":"Core Directory","operationType":"Add","userAgent":null,"initiatedBy":{"app":{"appId":null,"displayName":"Windows Azure Service Management API","servicePrincipalId":"b904eec0-97c0-4e56-8ef3-72a9979007ca","servicePrincipalName":null}},"targetResources":[{"id":"a72c1371-6925-4453-84dc-95f6321c71cc","displayName":"CCM TAGS","type":"ServicePrincipal","modifiedProperties":[{"displayName":"AccountEnabled","oldValue":"[]","newValue":"[true]"},{"displayName":"AppAddress","oldValue":"[]","newValue":"[{\"AddressType\":0,\"Address\":\"https://tags.consumption.azure.com\",\"ReplyAddressClientType\":1,\"ReplyAddressIndex\":null,\"IsReplyAddressDefault\":false}]"},{"displayName":"AppPrincipalId","oldValue":"[]","newValue":"[\"997dc448-eeab-4c93-8811-6b2c80196a16\"]"},{"displayName":"DisplayName","oldValue":"[]","newValue":"[\"CCM TAGS\"]"},{"displayName":"ServicePrincipalName","oldValue":"[]","newValue":"[\"997dc448-eeab-4c93-8811-6b2c80196a16\"]"},{"displayName":"Credential","oldValue":"[]","newValue":"[{\"CredentialType\":2,\"KeyStoreId\":\"291154f0-a9f5-45bb-87be-9c8ee5b6d62c\",\"KeyGroupId\":\"25c123a4-9d83-4978-84b0-9ced190dd5ac\"}]"},{"displayName":"Included Updated Properties","oldValue":null,"newValue":"\"AccountEnabled, AppAddress, AppPrincipalId, DisplayName, ServicePrincipalName, Credential\""},{"displayName":"TargetId.ServicePrincipalNames","oldValue":null,"newValue":"\"997dc448-eeab-4c93-8811-6b2c80196a16\""}],"administrativeUnits":[]}],"additionalDetails":[{"key":"AppId","value":"997dc448-eeab-4c93-8811-6b2c80196a16"}]}}
{ "time": "2022-09-06T12:54:46.2027400Z", "resourceId": "/tenants/a00b7f6a-c061-4726-98a6-6dfb9bd1b4c9/providers/Microsoft.aadiam", "operationName": "Add service principal", "operationVersion": "1.0", "category": "AuditLogs", "tenantId": "a00b7f6a-c061-4726-98a6-6dfb9bd1b4c9", "resultSignature": "None", "durationMs": 0, "callerIpAddress": "20.62.131.21", "correlationId": "dd3753e7-70bb-4d00-bb63-3dff580de65a", "identity": "Windows Azure Service Management API", "Level": 4, "properties": {"id":"Directory_dd3753e7-70bb-4d00-bb63-3dff580de65a_EFO5P_124632024","category":"ApplicationManagement","correlationId":"dd3753e7-70bb-4d00-bb63-3dff580de65a","result":"success","resultReason":"","activityDisplayName":"Add service principal","activityDateTime":"2022-09-06T12:54:46.20274+00:00","loggedByService":"Core Directory","operationType":"Add","userAgent":null,"initiatedBy":{"app":{"appId":null,"displayName":"Windows Azure Service Management API","servicePrincipalId":"b904eec0-97c0-4e56-8ef3-72a9979007ca","servicePrincipalName":null}},"targetResources":[{"id":"437f058e-4d2c-4470-aa6d-87ba9155b6b0","displayName":"Azure Cost Management XCloud","type":"ServicePrincipal","modifiedProperties":[{"displayName":"AccountEnabled","oldValue":"[]","newValue":"[true]"},{"displayName":"AppAddress","oldValue":"[]","newValue":"[{\"AddressType\":0,\"Address\":\"https://ccmxcloud-prodtm.costmgmt.azure.net/\",\"ReplyAddressClientType\":1,\"ReplyAddressIndex\":null,\"IsReplyAddressDefault\":false}]"},{"displayName":"AppPrincipalId","oldValue":"[]","newValue":"[\"3184af01-7a88-49e0-8b55-8ecdce0aa950\"]"},{"displayName":"DisplayName","oldValue":"[]","newValue":"[\"Azure Cost Management XCloud\"]"},{"displayName":"ServicePrincipalName","oldValue":"[]","newValue":"[\"3184af01-7a88-49e0-8b55-8ecdce0aa950\"]"},{"displayName":"Credential","oldValue":"[]","newValue":"[{\"CredentialType\":2,\"KeyStoreId\":\"291154f0-a9f5-45bb-87be-9c8ee5b6d62c\",\"KeyGroupId\":\"2dcccbb1-97c4-4afd-891d-fcb81d8af0af\"}]"},{"displayName":"Included Updated Properties","oldValue":null,"newValue":"\"AccountEnabled, AppAddress, AppPrincipalId, DisplayName, ServicePrincipalName, Credential\""},{"displayName":"TargetId.ServicePrincipalNames","oldValue":null,"newValue":"\"3184af01-7a88-49e0-8b55-8ecdce0aa950\""}],"administrativeUnits":[]}],"additionalDetails":[{"key":"AppId","value":"3184af01-7a88-49e0-8b55-8ecdce0aa950"}]}}
