{ "time": "2022-09-05T22:27:27.7342390Z", "resourceId": "/tenants/a00b7f6a-c061-4726-98a6-6dfb9bd1b4c9/providers/Microsoft.aadiam", "operationName": "Change user password", "operationVersion": "1.0", "category": "AuditLogs", "tenantId": "a00b7f6a-c061-4726-98a6-6dfb9bd1b4c9", "resultSignature": "None", "durationMs": 0, "correlationId": "b4836ba2-23a5-4eed-8322-0396f02f5f8e", "Level": 4, "properties": {"id":"Directory_b4836ba2-23a5-4eed-8322-0396f02f5f8e_URJZP_25495458","category":"UserManagement","correlationId":"b4836ba2-23a5-4eed-8322-0396f02f5f8e","result":"success","resultReason":"","activityDisplayName":"Change user password","activityDateTime":"2022-09-05T22:27:27.734239+00:00","loggedByService":"Core Directory","operationType":"Update","userAgent":null,"initiatedBy":{"user":{"id":"786937f5-2197-4720-94dd-f81d5dd7c2d5","displayName":null,"userPrincipalName":"Donald@derrickbrooks1110gmail.onmicrosoft.com","ipAddress":"","roles":[]}},"targetResources":[{"id":"786937f5-2197-4720-94dd-f81d5dd7c2d5","displayName":null,"type":"User","userPrincipalName":"Donald@derrickbrooks1110gmail.onmicrosoft.com","modifiedProperties":[],"administrativeUnits":[]}],"additionalDetails":[]}}
{ "time": "2022-09-05T22:27:27.7498675Z", "resourceId": "/tenants/a00b7f6a-c061-4726-98a6-6dfb9bd1b4c9/providers/Microsoft.aadiam", "operationName": "Update StsRefreshTokenValidFrom Timestamp", "operationVersion": "1.0", "category": "AuditLogs", "tenantId": "a00b7f6a-c061-4726-98a6-6dfb9bd1b4c9", "resultSignature": "None", "durationMs": 0, "correlationId": "b4836ba2-23a5-4eed-8322-0396f02f5f8e", "Level": 4, "properties": {"id":"Directory_b4836ba2-23a5-4eed-8322-0396f02f5f8e_URJZP_25495465","category":"UserManagement","correlationId":"b4836ba2-23a5-4eed-8322-0396f02f5f8e","result":"success","resultReason":"","activityDisplayName":"Update StsRefreshTokenValidFrom Timestamp","activityDateTime":"2022-09-05T22:27:27.7498675+00:00","loggedByService":"Core Directory","operationType":"Update","userAgent":null,"initiatedBy":{"user":{"id":"786937f5-2197-4720-94dd-f81d5dd7c2d5","displayName":null,"userPrincipalName":"Donald@derrickbrooks1110gmail.onmicrosoft.com","ipAddress":"","roles":[]}},"targetResources":[{"id":"786937f5-2197-4720-94dd-f81d5dd7c2d5","displayName":null,"type":"User","userPrincipalName":"Donald@derrickbrooks1110gmail.onmicrosoft.com","modifiedProperties":[],"administrativeUnits":[]}],"additionalDetails":[]}}
{ "time": "2022-09-05T22:27:27.7513763Z", "resourceId": "/tenants/a00b7f6a-c061-4726-98a6-6dfb9bd1b4c9/providers/Microsoft.aadiam", "operationName": "Change password (self-service)", "operationVersion": "1.0", "category": "AuditLogs", "tenantId": "a00b7f6a-c061-4726-98a6-6dfb9bd1b4c9", "resultSignature": "None", "resultDescription": "None", "durationMs": 0, "correlationId": "6fc4de48-2e3f-4ce7-aa50-4f13b5cce5d9", "Level": 4, "properties": {"id":"SSPR_6fc4de48-2e3f-4ce7-aa50-4f13b5cce5d9_B60TB_12621231","category":"UserManagement","correlationId":"6fc4de48-2e3f-4ce7-aa50-4f13b5cce5d9","result":"success","resultReason":"None","activityDisplayName":"Change password (self-service)","activityDateTime":"2022-09-05T22:27:27.7513763+00:00","loggedByService":"Self-service Password Management","operationType":"Update","userAgent":null,"initiatedBy":{"user":{"id":"786937f5-2197-4720-94dd-f81d5dd7c2d5","displayName":null,"userPrincipalName":"Donald@derrickbrooks1110gmail.onmicrosoft.com","ipAddress":"","roles":[]}},"targetResources":[{"id":"786937f5-2197-4720-94dd-f81d5dd7c2d5","displayName":"Donald Miller","type":"User","userPrincipalName":"Donald@derrickbrooks1110gmail.onmicrosoft.com","modifiedProperties":[],"administrativeUnits":[]}],"additionalDetails":[{"key":"OnPremisesAgent","value":"None"}]}}
