{ "time": "2022-09-12T17:05:01.3761910Z", "resourceId": "/tenants/a00b7f6a-c061-4726-98a6-6dfb9bd1b4c9/providers/Microsoft.aadiam", "operationName": "Reset password (by admin)", "operationVersion": "1.0", "category": "AuditLogs", "tenantId": "a00b7f6a-c061-4726-98a6-6dfb9bd1b4c9", "resultSignature": "None", "resultDescription": "None", "durationMs": 0, "callerIpAddress": "52.177.250.168", "correlationId": "b28af5bd-12ba-441b-b184-3a2e58bf100e", "Level": 4, "properties": {"id":"SSPR_b28af5bd-12ba-441b-b184-3a2e58bf100e_KTLK6_9108810","category":"UserManagement","correlationId":"b28af5bd-12ba-441b-b184-3a2e58bf100e","result":"success","resultReason":"None","activityDisplayName":"Reset password (by admin)","activityDateTime":"2022-09-12T17:05:01.376191+00:00","loggedByService":"Self-service Password Management","operationType":"Update","userAgent":null,"initiatedBy":{"user":{"id":"06f891f9-5a07-4f8b-8756-c4eb0432a42a","displayName":null,"userPrincipalName":"derrick.brooks1110@gmail.com","ipAddress":"52.177.250.168","roles":[]}},"targetResources":[{"id":"fa419af2-78db-4e30-a336-f43fb9a1b928","displayName":"Larry Jones","type":"User","userPrincipalName":"Larry@derrickbrooks1110gmail.onmicrosoft.com","modifiedProperties":[],"administrativeUnits":[]}],"additionalDetails":[{"key":"OnPremisesAgent","value":"None"}]}}
{ "time": "2022-09-12T17:05:01.3613331Z", "resourceId": "/tenants/a00b7f6a-c061-4726-98a6-6dfb9bd1b4c9/providers/Microsoft.aadiam", "operationName": "Reset user password", "operationVersion": "1.0", "category": "AuditLogs", "tenantId": "a00b7f6a-c061-4726-98a6-6dfb9bd1b4c9", "resultSignature": "None", "durationMs": 0, "correlationId": "75d3953a-d37b-4d93-a453-6b71f3af8a78", "Level": 4, "properties": {"id":"Directory_75d3953a-d37b-4d93-a453-6b71f3af8a78_AQH1S_42702356","category":"UserManagement","correlationId":"75d3953a-d37b-4d93-a453-6b71f3af8a78","result":"success","resultReason":"","activityDisplayName":"Reset user password","activityDateTime":"2022-09-12T17:05:01.3613331+00:00","loggedByService":"Core Directory","operationType":"Update","userAgent":null,"initiatedBy":{"user":{"id":"00000000-0000-0000-0000-000000000000","displayName":null,"userPrincipalName":"fim_password_service@support.onmicrosoft.com","ipAddress":"","roles":[]}},"targetResources":[{"id":"fa419af2-78db-4e30-a336-f43fb9a1b928","displayName":null,"type":"User","userPrincipalName":"Larry@derrickbrooks1110gmail.onmicrosoft.com","modifiedProperties":[],"administrativeUnits":[]}],"additionalDetails":[]}}
{ "time": "2022-09-12T17:05:01.3613331Z", "resourceId": "/tenants/a00b7f6a-c061-4726-98a6-6dfb9bd1b4c9/providers/Microsoft.aadiam", "operationName": "Update StsRefreshTokenValidFrom Timestamp", "operationVersion": "1.0", "category": "AuditLogs", "tenantId": "a00b7f6a-c061-4726-98a6-6dfb9bd1b4c9", "resultSignature": "None", "durationMs": 0, "correlationId": "75d3953a-d37b-4d93-a453-6b71f3af8a78", "Level": 4, "properties": {"id":"Directory_75d3953a-d37b-4d93-a453-6b71f3af8a78_AQH1S_42702363","category":"UserManagement","correlationId":"75d3953a-d37b-4d93-a453-6b71f3af8a78","result":"success","resultReason":"","activityDisplayName":"Update StsRefreshTokenValidFrom Timestamp","activityDateTime":"2022-09-12T17:05:01.3613331+00:00","loggedByService":"Core Directory","operationType":"Update","userAgent":null,"initiatedBy":{"user":{"id":"00000000-0000-0000-0000-000000000000","displayName":null,"userPrincipalName":"fim_password_service@support.onmicrosoft.com","ipAddress":"","roles":[]}},"targetResources":[{"id":"fa419af2-78db-4e30-a336-f43fb9a1b928","displayName":null,"type":"User","userPrincipalName":"Larry@derrickbrooks1110gmail.onmicrosoft.com","modifiedProperties":[],"administrativeUnits":[]}],"additionalDetails":[]}}
{ "time": "2022-09-12T17:10:48.5210675Z", "resourceId": "/tenants/a00b7f6a-c061-4726-98a6-6dfb9bd1b4c9/providers/Microsoft.aadiam", "operationName": "Change password (self-service)", "operationVersion": "1.0", "category": "AuditLogs", "tenantId": "a00b7f6a-c061-4726-98a6-6dfb9bd1b4c9", "resultSignature": "None", "resultDescription": "None", "durationMs": 0, "correlationId": "1facf518-9811-4d69-9c1c-1ee4f1dc5eeb", "Level": 4, "properties": {"id":"SSPR_1facf518-9811-4d69-9c1c-1ee4f1dc5eeb_3RUX8_12386060","category":"UserManagement","correlationId":"1facf518-9811-4d69-9c1c-1ee4f1dc5eeb","result":"success","resultReason":"None","activityDisplayName":"Change password (self-service)","activityDateTime":"2022-09-12T17:10:48.5210675+00:00","loggedByService":"Self-service Password Management","operationType":"Update","userAgent":null,"initiatedBy":{"user":{"id":"fa419af2-78db-4e30-a336-f43fb9a1b928","displayName":null,"userPrincipalName":"Larry@derrickbrooks1110gmail.onmicrosoft.com","ipAddress":"","roles":[]}},"targetResources":[{"id":"fa419af2-78db-4e30-a336-f43fb9a1b928","displayName":"Larry Jones","type":"User","userPrincipalName":"Larry@derrickbrooks1110gmail.onmicrosoft.com","modifiedProperties":[],"administrativeUnits":[]}],"additionalDetails":[{"key":"OnPremisesAgent","value":"None"}]}}
{ "time": "2022-09-12T17:10:48.5250921Z", "resourceId": "/tenants/a00b7f6a-c061-4726-98a6-6dfb9bd1b4c9/providers/Microsoft.aadiam", "operationName": "Change user password", "operationVersion": "1.0", "category": "AuditLogs", "tenantId": "a00b7f6a-c061-4726-98a6-6dfb9bd1b4c9", "resultSignature": "None", "durationMs": 0, "correlationId": "58c86560-77d4-430f-84ba-d6d12e51a687", "Level": 4, "properties": {"id":"Directory_58c86560-77d4-430f-84ba-d6d12e51a687_XSW2Q_47719409","category":"UserManagement","correlationId":"58c86560-77d4-430f-84ba-d6d12e51a687","result":"success","resultReason":"","activityDisplayName":"Change user password","activityDateTime":"2022-09-12T17:10:48.5250921+00:00","loggedByService":"Core Directory","operationType":"Update","userAgent":null,"initiatedBy":{"user":{"id":"fa419af2-78db-4e30-a336-f43fb9a1b928","displayName":null,"userPrincipalName":"Larry@derrickbrooks1110gmail.onmicrosoft.com","ipAddress":"","roles":[]}},"targetResources":[{"id":"fa419af2-78db-4e30-a336-f43fb9a1b928","displayName":null,"type":"User","userPrincipalName":"Larry@derrickbrooks1110gmail.onmicrosoft.com","modifiedProperties":[],"administrativeUnits":[]}],"additionalDetails":[]}}
{ "time": "2022-09-12T17:10:48.5250921Z", "resourceId": "/tenants/a00b7f6a-c061-4726-98a6-6dfb9bd1b4c9/providers/Microsoft.aadiam", "operationName": "Update StsRefreshTokenValidFrom Timestamp", "operationVersion": "1.0", "category": "AuditLogs", "tenantId": "a00b7f6a-c061-4726-98a6-6dfb9bd1b4c9", "resultSignature": "None", "durationMs": 0, "correlationId": "58c86560-77d4-430f-84ba-d6d12e51a687", "Level": 4, "properties": {"id":"Directory_58c86560-77d4-430f-84ba-d6d12e51a687_XSW2Q_47719418","category":"UserManagement","correlationId":"58c86560-77d4-430f-84ba-d6d12e51a687","result":"success","resultReason":"","activityDisplayName":"Update StsRefreshTokenValidFrom Timestamp","activityDateTime":"2022-09-12T17:10:48.5250921+00:00","loggedByService":"Core Directory","operationType":"Update","userAgent":null,"initiatedBy":{"user":{"id":"fa419af2-78db-4e30-a336-f43fb9a1b928","displayName":null,"userPrincipalName":"Larry@derrickbrooks1110gmail.onmicrosoft.com","ipAddress":"","roles":[]}},"targetResources":[{"id":"fa419af2-78db-4e30-a336-f43fb9a1b928","displayName":null,"type":"User","userPrincipalName":"Larry@derrickbrooks1110gmail.onmicrosoft.com","modifiedProperties":[],"administrativeUnits":[]}],"additionalDetails":[]}}
