﻿Item Name, SKU,Amount on hand,Weight per unit,Volume per unit,
Acrocannon,274880433,35,10.95,0.4,
Air Filter,405971714,33,2.93,0.8,
Arcwelder,636821555,29,2.26,3.3,
Battery Filter,238223805,33,9.03,0.8,
Blinker Fluid,538958054,43,6,2.3,
Boots of Rebirth,311543872,50,7.1,3.7,
Botony Lab,555662950,38,6.01,2,
Bracelet of Potency,766579231,44,6.88,2.1,
Brake Coolant,580211009,28,4.98,1.3,
Bumper Valve,933691420,24,10.52,2.1,
Chalice of Depravity,994883835,26,3.99,3.1,
Circlet of Sentience,992878396,49,2.92,2.2,
Cloth,259690249,47,2.25,1.1,
Cluth Lubricant,949484405,39,1.94,2.1,
Compuclasp,737093712,44,10.53,2.5,
Cube of Chaos,267857371,42,4.23,0.8,
Curse Amulet,790273234,37,1.69,2.8,
Cyberdeactivator,589951215,46,6.24,2.7,
Cylinder of the Heavens,416900800,22,5.26,0.3,
Damper Valve,649290917,35,4.35,0.4,
Desire's Statuette,410532295,31,2.14,0.4,
Eternity Gem,150039550,22,7.23,1.2,
Exhasu Belt,295880003,32,8.25,3.4,
F-Zero Track Liner,591389273,32,8.55,1.9,
Flight Gloves,556472089,23,8.7,0.2,
Flywheel Brace,511830567,21,9.35,3,
Friction Spanner,550036573,49,4.02,2.1,
Fuel Magnet,541144797,20,7.39,2.1,
Grail of Oblivion,177963959,50,9.15,0.5,
Guardian Symbols,220377824,45,9.76,0.2,
Guroscope,896457844,20,7.79,3.5,
Habitat Canvas,261740775,31,7.09,3,
Hadron Bolt Launcher,649469475,31,8.09,2,
Holy Chalice,478368552,34,4.39,1,
Hydrogen Extractor,334245109,38,6.06,3.1,
Invisibility Instrument,503974556,43,1.71,2.3,
Judging Key,107590857,35,9.96,1.4,
Jumpsuit,208002569,23,2.74,0.2,
Justice Amulet,399491436,42,1.96,3.3,
Kryptonite,740332670,35,6.3,2,
Laser Stim Lining,936019554,34,2.28,3.6,
Lead,456618788,50,8.8,0.1,
LED Filaments,767710388,46,7.41,1.6,
Life's Microlith,438015923,41,6.64,2.1,
Lifeblood Texts,891241484,43,5.39,1.9,
Line Stabilizer,261934141,20,1.54,1.6,
Liquid Helium,549413114,30,7.75,2.9,
Liquid Oxygen Propellant,703212797,25,1.49,3.2,
Longevity Chalice,492638599,41,9.63,2.9,
Mask of Mysteries,459325853,29,6.87,2.2,
Megacomputer,599980515,44,7.51,1.8,
Misfortune Tome,820963263,46,5.27,3,
Muffle rbearings,514384632,26,7.6,0.1,
Muntions Storage Crate,118159726,34,1.56,1.9,
Necklace of Destruction,872649703,39,4.38,3.2,
Oblivion Stone,818610699,24,6.81,1.8,
Oil Thinner,548192973,48,1.83,2.7,
Personal Oxygen Tank,523604485,35,9,0.9,
Plexiboard,226254237,32,1.55,3.9,
Radiator,189567780,22,8.66,2.9,
Return Spring Assembly,586381317,48,6.94,0.9,
Runes of Imperviousness,776142442,30,3.79,3.4,
Scroll case,472066096,44,1.37,1.9,
Seelax Alien Codex,422204710,1,0.5,0.3,
Sentinel Bolt,442312508,30,6.9,3.7,
Shapeshifter Boots,964895706,34,9.38,3.4,
Shield of Fortuity,593244129,32,6.59,3.2,
Ship Cooling System,375035925,48,1.42,3.5,
Space Helmet,500638967,21,1.55,1,
Spark Plug,718549843,46,2.75,0.8,
Spiroaccelerator,904768030,42,3.9,3.1,
Stone of Enigmas,884676420,45,1.82,0.5,
Suspension Hook,121416851,34,7.65,1.1,
Symbols of Curses,534037709,30,10.94,2,
Thermal Map Display Unit,644195153,20,10.22,2.3,
Thermocoupling,427795606,26,3.5,0.2,
Tire Rod,152896067,28,10.91,0.6,
Titanium Binding,991184026,48,8.09,0.7,
Tome of Protection,879307449,46,1.69,3,
Tow Capacitor,335167570,24,6.3,2.7,
Trigger Assembly,181347477,46,2.59,3.3,
Turbine blade,999121901,27,7.44,2.7,
Turbo Brake,190407153,38,5.62,1.4,
Urn of the Oracle,844009721,35,10.95,0.9,
Virility Slab,365127351,41,6.25,1.6,
Wing Coil,441503713,27,1.89,2.4,
Work Boots,236235627,45,7.07,0.3,
