-- Copyright 2022 Carnegie Mellon University.
-- Released under a MIT (SEI)-style license, please see LICENSE.md in the project 
-- root or contact permission@sei.cmu.edu for full terms.

-- MySQL dump 10.17  Distrib 10.3.22-MariaDB, for debian-linux-gnu (x86_64)
--
-- Host: gitlab.lcl    Database: clientdev
-- ------------------------------------------------------
-- Server version	5.7.29-0ubuntu0.18.04.1

/*!40101 SET @OLD_CHARACTER_SET_CLIENT=@@CHARACTER_SET_CLIENT */;
/*!40101 SET @OLD_CHARACTER_SET_RESULTS=@@CHARACTER_SET_RESULTS */;
/*!40101 SET @OLD_COLLATION_CONNECTION=@@COLLATION_CONNECTION */;
/*!40101 SET NAMES utf8mb4 */;
/*!40103 SET @OLD_TIME_ZONE=@@TIME_ZONE */;
/*!40103 SET TIME_ZONE='+00:00' */;
/*!40014 SET @OLD_UNIQUE_CHECKS=@@UNIQUE_CHECKS, UNIQUE_CHECKS=0 */;
/*!40014 SET @OLD_FOREIGN_KEY_CHECKS=@@FOREIGN_KEY_CHECKS, FOREIGN_KEY_CHECKS=0 */;
/*!40101 SET @OLD_SQL_MODE=@@SQL_MODE, SQL_MODE='NO_AUTO_VALUE_ON_ZERO' */;
/*!40111 SET @OLD_SQL_NOTES=@@SQL_NOTES, SQL_NOTES=0 */;

--
-- Table structure for table `address`
--

DROP TABLE IF EXISTS `address`;
/*!40101 SET @saved_cs_client     = @@character_set_client */;
/*!40101 SET character_set_client = utf8 */;
CREATE TABLE `address` (
  `id` bigint(20) NOT NULL,
  `uuid` varchar(36) DEFAULT NULL,
  `address_line1` varchar(96) DEFAULT NULL,
  `address_line2` varchar(96) NOT NULL,
  `city` varchar(64) DEFAULT NULL,
  `state` varchar(255) NOT NULL,
  `zip` varchar(16) DEFAULT NULL,
  PRIMARY KEY (`id`)
) ENGINE=MyISAM DEFAULT CHARSET=latin1;
/*!40101 SET character_set_client = @saved_cs_client */;

--
-- Dumping data for table `address`
--

LOCK TABLES `address` WRITE;
/*!40000 ALTER TABLE `address` DISABLE KEYS */;
INSERT INTO `address` VALUES (8,'f48c56a5-6dae-41ca-bd15-c49c9ce41f49','716 ARB','','Verona','PA','15147');
/*!40000 ALTER TABLE `address` ENABLE KEYS */;
UNLOCK TABLES;

--
-- Table structure for table `client`
--

DROP TABLE IF EXISTS `client`;
/*!40101 SET @saved_cs_client     = @@character_set_client */;
/*!40101 SET character_set_client = utf8 */;
CREATE TABLE `client` (
  `id` bigint(20) NOT NULL,
  `uuid` varchar(36) DEFAULT NULL,
  `company_name` varchar(96) DEFAULT NULL,
  PRIMARY KEY (`id`)
) ENGINE=MyISAM DEFAULT CHARSET=latin1;
/*!40101 SET character_set_client = @saved_cs_client */;

--
-- Dumping data for table `client`
--

LOCK TABLES `client` WRITE;
/*!40000 ALTER TABLE `client` DISABLE KEYS */;
INSERT INTO `client` VALUES (2,'e7674dfb-c5ec-4964-a7dc-f5065d5d77e9','InGen'),(3,'d64b661f-b311-4d6a-9690-f55b54a829c7','Planet Express'),(4,'2f40d0f2-d18d-4585-acb9-3509fd29eef1','Umbrella Corporation'),(5,'1e2f7a60-e036-4d1d-8357-9b4b8887b25e','WRCT'),(6,'943e7ccf-5de9-4669-a4b0-4c09f84a0a47','Shinra'),(7,'63f4cc4e-0b76-4101-a07b-0ff5376c7b07','CMU');
/*!40000 ALTER TABLE `client` ENABLE KEYS */;
UNLOCK TABLES;

--
-- Table structure for table `client_address_join_table`
--

DROP TABLE IF EXISTS `client_address_join_table`;
/*!40101 SET @saved_cs_client     = @@character_set_client */;
/*!40101 SET character_set_client = utf8 */;
CREATE TABLE `client_address_join_table` (
  `client_id` bigint(20) NOT NULL,
  `address_id` bigint(20) NOT NULL,
  PRIMARY KEY (`client_id`,`address_id`),
  UNIQUE KEY `UK_fu19weoggis7o9kghfnt28ysb` (`address_id`)
) ENGINE=MyISAM DEFAULT CHARSET=latin1;
/*!40101 SET character_set_client = @saved_cs_client */;

--
-- Dumping data for table `client_address_join_table`
--

LOCK TABLES `client_address_join_table` WRITE;
/*!40000 ALTER TABLE `client_address_join_table` DISABLE KEYS */;
/*!40000 ALTER TABLE `client_address_join_table` ENABLE KEYS */;
UNLOCK TABLES;

--
-- Table structure for table `client_contact_join_table`
--

DROP TABLE IF EXISTS `client_contact_join_table`;
/*!40101 SET @saved_cs_client     = @@character_set_client */;
/*!40101 SET character_set_client = utf8 */;
CREATE TABLE `client_contact_join_table` (
  `client_id` bigint(20) NOT NULL,
  `contact_id` bigint(20) NOT NULL,
  PRIMARY KEY (`client_id`,`contact_id`),
  UNIQUE KEY `UK_4en9rn70hrnt4mrnibkx4g3sn` (`contact_id`)
) ENGINE=MyISAM DEFAULT CHARSET=latin1;
/*!40101 SET character_set_client = @saved_cs_client */;

--
-- Dumping data for table `client_contact_join_table`
--

LOCK TABLES `client_contact_join_table` WRITE;
/*!40000 ALTER TABLE `client_contact_join_table` DISABLE KEYS */;
INSERT INTO `client_contact_join_table` VALUES (2,12),(2,18),(2,19),(2,20),(2,45),(2,51),(2,61),(2,67),(2,75),(2,77),(2,83),(2,84),(2,87),(2,89),(2,90),(2,93),(2,106),(2,111),(2,112),(2,121),(2,124),(2,140),(2,147),(2,160),(2,163),(2,165),(2,170),(2,184),(2,188),(2,190),(2,211),(2,214),(2,227),(2,238),(2,241),(2,248),(2,253),(2,254),(2,258),(2,262),(2,272),(2,281),(2,284),(2,287),(2,288),(2,290),(2,300),(2,306),(2,311),(2,313),(2,326),(2,337),(2,338),(2,342),(2,345),(2,357),(2,363),(2,372),(2,373),(2,374),(2,377),(2,381),(2,382),(2,388),(2,391),(2,402),(2,403),(2,417),(2,441),(2,443),(2,452),(2,457),(2,459),(2,464),(2,475),(2,479),(2,481),(2,483),(2,486),(2,494),(2,495),(2,501),(2,503),(2,507),(2,509),(2,512),(2,514),(2,517),(2,519),(2,523),(2,526),(2,538),(2,545),(2,546),(2,548),(2,549),(2,553),(2,575),(2,577),(2,581),(2,591),(2,597),(2,626),(2,644),(2,655),(2,658),(2,660),(2,662),(2,667),(2,671),(2,684),(2,685),(2,693),(2,695),(2,697),(2,706),(2,707),(2,721),(2,727),(2,730),(2,736),(2,737),(2,744),(2,757),(2,764),(2,767),(2,779),(2,786),(2,788),(2,790),(2,791),(2,792),(2,793),(2,794),(2,800),(2,807),(2,831),(2,838),(2,849),(2,852),(2,860),(2,861),(2,864),(2,865),(2,873),(2,875),(2,882),(2,884),(2,885),(2,902),(2,908),(2,918),(2,920),(2,924),(2,928),(2,929),(2,936),(2,942),(2,946),(2,952),(2,955),(2,958),(2,963),(2,966),(2,968),(2,972),(2,974),(2,986),(2,989),(2,1005),(2,1006),(2,1009),(2,1012),(2,1017),(2,1018),(2,1021),(2,1025),(2,1031),(2,1032),(2,1033),(2,1043),(2,1051),(2,1057),(3,13),(3,14),(3,16),(3,25),(3,26),(3,30),(3,33),(3,34),(3,39),(3,43),(3,48),(3,50),(3,65),(3,69),(3,86),(3,88),(3,96),(3,101),(3,105),(3,107),(3,109),(3,110),(3,113),(3,114),(3,116),(3,132),(3,151),(3,154),(3,164),(3,167),(3,172),(3,179),(3,183),(3,186),(3,194),(3,198),(3,218),(3,219),(3,232),(3,236),(3,243),(3,251),(3,252),(3,261),(3,263),(3,268),(3,274),(3,277),(3,286),(3,293),(3,294),(3,315),(3,321),(3,322),(3,327),(3,331),(3,333),(3,341),(3,343),(3,344),(3,348),(3,349),(3,350),(3,365),(3,387),(3,390),(3,393),(3,398),(3,413),(3,418),(3,425),(3,430),(3,436),(3,444),(3,458),(3,462),(3,465),(3,467),(3,469),(3,473),(3,485),(3,492),(3,497),(3,502),(3,521),(3,529),(3,530),(3,539),(3,540),(3,543),(3,550),(3,555),(3,556),(3,564),(3,568),(3,571),(3,580),(3,590),(3,596),(3,599),(3,606),(3,614),(3,618),(3,620),(3,625),(3,627),(3,628),(3,638),(3,649),(3,650),(3,694),(3,705),(3,709),(3,717),(3,722),(3,728),(3,729),(3,733),(3,734),(3,738),(3,749),(3,750),(3,753),(3,754),(3,755),(3,760),(3,765),(3,769),(3,789),(3,795),(3,797),(3,806),(3,808),(3,814),(3,823),(3,826),(3,830),(3,833),(3,835),(3,837),(3,840),(3,858),(3,862),(3,866),(3,872),(3,876),(3,881),(3,886),(3,890),(3,893),(3,897),(3,906),(3,907),(3,923),(3,926),(3,935),(3,948),(3,951),(3,957),(3,976),(3,980),(3,983),(3,990),(3,997),(3,1019),(3,1028),(3,1037),(3,1042),(3,1048),(3,1053),(3,1054),(3,1058),(4,15),(4,32),(4,35),(4,36),(4,38),(4,52),(4,58),(4,62),(4,63),(4,66),(4,73),(4,80),(4,99),(4,108),(4,119),(4,125),(4,128),(4,136),(4,139),(4,153),(4,155),(4,169),(4,171),(4,176),(4,180),(4,195),(4,199),(4,202),(4,215),(4,217),(4,222),(4,226),(4,239),(4,240),(4,244),(4,250),(4,266),(4,270),(4,271),(4,273),(4,280),(4,282),(4,289),(4,296),(4,309),(4,314),(4,317),(4,323),(4,332),(4,347),(4,355),(4,358),(4,359),(4,360),(4,362),(4,369),(4,376),(4,386),(4,404),(4,408),(4,419),(4,421),(4,423),(4,428),(4,429),(4,431),(4,432),(4,439),(4,440),(4,442),(4,448),(4,449),(4,455),(4,460),(4,470),(4,471),(4,488),(4,496),(4,513),(4,525),(4,533),(4,536),(4,544),(4,552),(4,554),(4,557),(4,560),(4,565),(4,573),(4,582),(4,584),(4,595),(4,603),(4,607),(4,612),(4,616),(4,635),(4,636),(4,646),(4,657),(4,663),(4,665),(4,672),(4,673),(4,675),(4,681),(4,686),(4,687),(4,690),(4,700),(4,701),(4,702),(4,703),(4,710),(4,719),(4,745),(4,747),(4,748),(4,751),(4,780),(4,781),(4,783),(4,787),(4,796),(4,803),(4,804),(4,818),(4,841),(4,854),(4,856),(4,857),(4,863),(4,868),(4,871),(4,887),(4,891),(4,895),(4,900),(4,901),(4,911),(4,915),(4,916),(4,919),(4,932),(4,938),(4,939),(4,945),(4,956),(4,965),(4,973),(4,979),(4,984),(4,991),(4,992),(4,1000),(4,1007),(4,1008),(4,1036),(4,1052),(4,1056),(5,10),(5,11),(5,21),(5,22),(5,23),(5,27),(5,28),(5,31),(5,41),(5,42),(5,44),(5,54),(5,59),(5,60),(5,64),(5,95),(5,100),(5,115),(5,122),(5,138),(5,143),(5,152),(5,156),(5,166),(5,174),(5,177),(5,178),(5,187),(5,196),(5,197),(5,200),(5,201),(5,205),(5,206),(5,209),(5,212),(5,223),(5,224),(5,228),(5,229),(5,230),(5,231),(5,233),(5,237),(5,247),(5,249),(5,256),(5,260),(5,269),(5,275),(5,276),(5,279),(5,292),(5,302),(5,307),(5,308),(5,318),(5,319),(5,334),(5,339),(5,351),(5,356),(5,364),(5,366),(5,368),(5,370),(5,371),(5,375),(5,378),(5,389),(5,396),(5,410),(5,412),(5,414),(5,424),(5,426),(5,427),(5,434),(5,438),(5,466),(5,472),(5,476),(5,478),(5,482),(5,487),(5,491),(5,498),(5,508),(5,511),(5,515),(5,518),(5,528),(5,534),(5,535),(5,541),(5,542),(5,551),(5,558),(5,562),(5,563),(5,569),(5,576),(5,579),(5,589),(5,592),(5,593),(5,594),(5,598),(5,601),(5,609),(5,613),(5,621),(5,622),(5,629),(5,634),(5,637),(5,641),(5,643),(5,645),(5,653),(5,656),(5,664),(5,666),(5,670),(5,678),(5,682),(5,683),(5,696),(5,711),(5,714),(5,720),(5,723),(5,726),(5,731),(5,735),(5,741),(5,752),(5,762),(5,763),(5,768),(5,772),(5,775),(5,785),(5,801),(5,809),(5,815),(5,825),(5,827),(5,829),(5,834),(5,836),(5,842),(5,843),(5,844),(5,848),(5,851),(5,859),(5,874),(5,880),(5,883),(5,888),(5,898),(5,903),(5,912),(5,913),(5,917),(5,922),(5,944),(5,950),(5,961),(5,962),(5,967),(5,969),(5,970),(5,978),(5,995),(5,996),(5,999),(5,1013),(5,1020),(5,1022),(5,1024),(5,1029),(5,1038),(5,1046),(6,24),(6,29),(6,40),(6,47),(6,56),(6,57),(6,70),(6,72),(6,76),(6,79),(6,91),(6,97),(6,102),(6,103),(6,104),(6,117),(6,118),(6,120),(6,123),(6,129),(6,134),(6,135),(6,141),(6,148),(6,150),(6,158),(6,162),(6,168),(6,175),(6,181),(6,182),(6,189),(6,191),(6,204),(6,210),(6,216),(6,220),(6,221),(6,242),(6,245),(6,246),(6,255),(6,265),(6,278),(6,297),(6,299),(6,310),(6,320),(6,324),(6,325),(6,328),(6,330),(6,353),(6,354),(6,392),(6,394),(6,399),(6,400),(6,401),(6,416),(6,433),(6,435),(6,446),(6,451),(6,453),(6,456),(6,461),(6,463),(6,474),(6,477),(6,499),(6,500),(6,510),(6,516),(6,520),(6,527),(6,531),(6,537),(6,559),(6,561),(6,567),(6,570),(6,572),(6,574),(6,578),(6,583),(6,588),(6,600),(6,602),(6,605),(6,611),(6,615),(6,632),(6,639),(6,640),(6,642),(6,648),(6,651),(6,668),(6,674),(6,677),(6,680),(6,699),(6,704),(6,708),(6,715),(6,739),(6,740),(6,742),(6,743),(6,756),(6,758),(6,761),(6,776),(6,777),(6,778),(6,782),(6,784),(6,798),(6,799),(6,802),(6,805),(6,811),(6,816),(6,817),(6,820),(6,822),(6,824),(6,845),(6,850),(6,867),(6,869),(6,877),(6,878),(6,879),(6,889),(6,894),(6,904),(6,910),(6,914),(6,921),(6,925),(6,927),(6,941),(6,943),(6,949),(6,954),(6,960),(6,964),(6,971),(6,975),(6,977),(6,981),(6,982),(6,994),(6,998),(6,1001),(6,1002),(6,1004),(6,1010),(6,1011),(6,1016),(6,1023),(6,1026),(6,1027),(6,1034),(6,1039),(6,1041),(6,1045),(6,1047),(6,1059),(7,17),(7,37),(7,46),(7,49),(7,53),(7,55),(7,68),(7,71),(7,74),(7,78),(7,81),(7,82),(7,85),(7,92),(7,94),(7,98),(7,126),(7,127),(7,130),(7,131),(7,133),(7,137),(7,142),(7,144),(7,145),(7,146),(7,149),(7,157),(7,159),(7,161),(7,173),(7,185),(7,192),(7,193),(7,203),(7,207),(7,208),(7,213),(7,225),(7,234),(7,235),(7,257),(7,259),(7,264),(7,267),(7,283),(7,285),(7,291),(7,295),(7,298),(7,301),(7,303),(7,304),(7,305),(7,312),(7,316),(7,329),(7,335),(7,336),(7,340),(7,346),(7,352),(7,361),(7,367),(7,379),(7,380),(7,383),(7,384),(7,385),(7,395),(7,397),(7,405),(7,406),(7,407),(7,409),(7,411),(7,415),(7,420),(7,422),(7,437),(7,445),(7,447),(7,450),(7,454),(7,468),(7,480),(7,484),(7,489),(7,490),(7,493),(7,504),(7,505),(7,506),(7,522),(7,524),(7,532),(7,547),(7,566),(7,585),(7,586),(7,587),(7,604),(7,608),(7,610),(7,617),(7,619),(7,623),(7,624),(7,630),(7,631),(7,633),(7,647),(7,652),(7,654),(7,659),(7,661),(7,669),(7,676),(7,679),(7,688),(7,689),(7,691),(7,692),(7,698),(7,712),(7,713),(7,716),(7,718),(7,724),(7,725),(7,732),(7,746),(7,759),(7,766),(7,770),(7,771),(7,773),(7,774),(7,810),(7,812),(7,813),(7,819),(7,821),(7,828),(7,832),(7,839),(7,846),(7,847),(7,853),(7,855),(7,870),(7,892),(7,896),(7,899),(7,905),(7,909),(7,930),(7,931),(7,933),(7,934),(7,937),(7,940),(7,947),(7,953),(7,959),(7,985),(7,987),(7,988),(7,993),(7,1003),(7,1014),(7,1015),(7,1030),(7,1035),(7,1040),(7,1044),(7,1049),(7,1050),(7,1055),(7,1060);
/*!40000 ALTER TABLE `client_contact_join_table` ENABLE KEYS */;
UNLOCK TABLES;

--
-- Table structure for table `client_location_join_table`
--

DROP TABLE IF EXISTS `client_location_join_table`;
/*!40101 SET @saved_cs_client     = @@character_set_client */;
/*!40101 SET character_set_client = utf8 */;
CREATE TABLE `client_location_join_table` (
  `client_id` bigint(20) NOT NULL,
  `location_id` bigint(20) NOT NULL,
  PRIMARY KEY (`client_id`,`location_id`),
  UNIQUE KEY `UK_59wfqg9th650m1mekgvkxbn1e` (`location_id`)
) ENGINE=MyISAM DEFAULT CHARSET=latin1;
/*!40101 SET character_set_client = @saved_cs_client */;

--
-- Dumping data for table `client_location_join_table`
--

LOCK TABLES `client_location_join_table` WRITE;
/*!40000 ALTER TABLE `client_location_join_table` DISABLE KEYS */;
INSERT INTO `client_location_join_table` VALUES (2,9);
/*!40000 ALTER TABLE `client_location_join_table` ENABLE KEYS */;
UNLOCK TABLES;

--
-- Table structure for table `contact`
--

DROP TABLE IF EXISTS `contact`;
/*!40101 SET @saved_cs_client     = @@character_set_client */;
/*!40101 SET character_set_client = utf8 */;
CREATE TABLE `contact` (
  `id` bigint(20) NOT NULL,
  `uuid` varchar(36) DEFAULT NULL,
  `first_name` varchar(96) DEFAULT NULL,
  `full_name` varchar(96) DEFAULT NULL,
  `last_name` varchar(96) DEFAULT NULL,
  `middle_initial` varchar(1) DEFAULT NULL,
  `note` varchar(255) DEFAULT NULL,
  PRIMARY KEY (`id`)
) ENGINE=MyISAM DEFAULT CHARSET=latin1;
/*!40101 SET character_set_client = @saved_cs_client */;

--
-- Dumping data for table `contact`
--

LOCK TABLES `contact` WRITE;
/*!40000 ALTER TABLE `contact` DISABLE KEYS */;
INSERT INTO `contact` VALUES (10,'2eee2092-ecfb-4157-8f14-a2d47047497e','Leah','Leah Arthur Green','Green','A',''),(11,'f8446dd4-2ce5-4d92-a63a-d0350224288a','Andrea','Andrea Lisa Johnson','Johnson','L',''),(12,'5b42093a-9056-421f-85cd-39ca3ef86560','Debra','Debra Samantha Rogers','Rogers','S',''),(13,'79a74a5a-5db3-4022-8c09-e8ea0d8d0faf','Bryce','Bryce Janet Harrington','Harrington','J',''),(14,'61822626-0379-40d8-bc93-2b96286950d2','Ian','Ian Anna Miles','Miles','A',''),(15,'a9f7500b-cddf-4f8d-86d0-cba7a360abb3','Nicole','Nicole David Benson','Benson','D',''),(16,'41a99c29-f168-4d0f-bad0-bd296aba2703','Bonnie','Bonnie Sean Fields','Fields','S',''),(17,'278486d5-4e6e-4aaf-8105-d8ffa3197d94','Dawn','Dawn James Smith','Smith','J',''),(18,'e0ed6124-0993-4002-bbba-129ff66d7dab','Daniel','Daniel David Morgan','Morgan','D',''),(19,'87ad0319-241e-4302-ba9e-1fa858ee6df5','Joshua','Joshua Joshua Mendez','Mendez','J',''),(20,'c1fd0d4c-8108-4c73-86d7-d39c42d421f6','James','James Shannon Sanchez','Sanchez','S',''),(21,'5f68332a-b10a-4113-abaa-a59b18ec76c6','Jennifer','Jennifer Tony Sims','Sims','T',''),(22,'c0742da7-58d0-4185-bdaa-328bc1f5d89b','Barbara','Barbara Kimberly Davis','Davis','K',''),(23,'00e09853-7c78-4784-ae31-ee97acac1ee5','Kathleen','Kathleen Jennifer Nguyen','Nguyen','J',''),(24,'b794b7e2-aea5-4a98-bb15-70e422a79626','Leslie','Leslie William Blair','Blair','W',''),(25,'f66d8b43-f82a-416e-bc98-21323792aaf0','Sandra','Sandra Rebecca Hernandez','Hernandez','R',''),(26,'6e7ad0b7-d773-4194-a220-3614d5f18bb9','Diana','Diana Roy Brewer','Brewer','R',''),(27,'cb56cb1a-3414-4e50-8476-a0c7f0ad0a41','Rebecca','Rebecca Monica Franco','Franco','M',''),(28,'0c4ad379-2c4c-4c89-a6a2-81dce03919a7','Karl','Karl Danielle Garrett','Garrett','D',''),(29,'4f38be09-828d-4f87-abc9-b816eea59ad7','James','James Jessica Murphy','Murphy','J',''),(30,'0d0219ba-7e25-4543-a740-9554e9c01f02','Jorge','Jorge Nicole Diaz','Diaz','N',''),(31,'a8f07dc0-ca80-4abf-ae3c-f77da7bc8f39','Omar','Omar Jeanne Smith','Smith','J',''),(32,'b552a17a-d794-46d7-baf1-36f209832fa9','Benjamin','Benjamin Jake Liu','Liu','J',''),(33,'e76f7187-d0da-46cb-abcb-e1e7de00944e','Mark','Mark Vickie Thomas','Thomas','V',''),(34,'b3f25e78-3065-4c72-8c30-e2bff37774d7','Melanie','Melanie Dylan Walker','Walker','D',''),(35,'0c44b2cc-1621-4355-bf3e-3ac062ada39f','Paul','Paul Sonya Pruitt','Pruitt','S',''),(36,'54c05df0-cdef-4247-a2c5-2e4ce72f4a6e','Diane','Diane Christopher Ray','Ray','C',''),(37,'9b3a6196-44e6-47a2-8952-4f400aa0599c','Ruth','Ruth Sheila Baxter','Baxter','S',''),(38,'3d8e3104-a8f4-40d2-8325-90af3be81038','Lauren','Lauren Amanda Davis','Davis','A',''),(39,'a7e4b818-841d-4136-8f45-7728c86ac9cb','Cathy','Cathy Desiree Smith','Smith','D',''),(40,'b4c428e1-5606-46e0-bf15-f1eddaa33952','Steven','Steven Lisa Dean','Dean','L',''),(41,'4ef45285-14aa-4040-9078-5888af084abd','Debra','Debra Joshua Hanson','Hanson','J',''),(42,'5a500149-7360-47ad-bf12-9f6ed6300f40','Vincent','Vincent Eric Heath','Heath','E',''),(43,'6f4cdd67-d756-4e53-ad22-0405c044d89f','Timothy','Timothy Gina Garcia','Garcia','G',''),(44,'c2fe0da7-4490-4e83-9362-4ea09556f54c','Nathaniel','Nathaniel Ralph Chavez','Chavez','R',''),(45,'ff7281ed-7694-4b20-a441-841cfcae21ec','Nicole','Nicole Nathan Oconnor','Oconnor','N',''),(46,'e0a2e037-aec7-4841-97b7-b270c07fa5a7','Ricky','Ricky Erin Pierce','Pierce','E',''),(47,'983d38e4-959d-494a-91f5-06be96419353','Jasmine','Jasmine Andrew Hunt','Hunt','A',''),(48,'a28a2db9-1329-4b35-b355-f16585bcc998','Francisco','Francisco Erica Hamilton','Hamilton','E',''),(49,'11361bd6-a8f0-4212-a6df-f75156fe35fd','Mercedes','Mercedes Angela Taylor','Taylor','A',''),(50,'ef3cc57a-d13f-44bb-817d-20ac4dfbe3b8','Christopher','Christopher Dustin Archer','Archer','D',''),(51,'dbb2b5a1-cb48-4350-8ff8-e75997a32580','Sandra','Sandra Benjamin Mclaughlin','Mclaughlin','B',''),(52,'01f50d5a-738a-48c5-a30f-2aca3b30c1dc','Jill','Jill Natasha Gordon','Gordon','N',''),(53,'443b59d4-c3cf-4593-aaa7-1eea4c823f7a','Amy','Amy Anthony Robinson','Robinson','A',''),(54,'93997270-22f5-4fde-bb91-fa301b06ab4e','Brandon','Brandon Michael Aguilar','Aguilar','M',''),(55,'26211174-57e5-4fc6-b812-8f5ff524b920','Angela','Angela Allison Hernandez','Hernandez','A',''),(56,'117afa64-5985-494b-a259-009ff2f690e4','Megan','Megan Pamela Buchanan','Buchanan','P',''),(57,'5450bd1a-d156-4bdc-88cc-6fffc92e75d6','David','David Mary Adams','Adams','M',''),(58,'99c3c1ad-20dc-41dc-b597-1794a6f4221f','Shelley','Shelley Shelia Schultz','Schultz','S',''),(59,'b3f092b2-c81b-4f58-89db-0556a636196e','Christopher','Christopher Samantha Guzman','Guzman','S',''),(60,'8c2bc360-44df-48fb-a38c-50c2fe167fb4','James','James Maria Parker','Parker','M',''),(61,'4440b1b0-bf01-4976-9d26-a80f1166f523','Patrick','Patrick Cynthia Taylor','Taylor','C',''),(62,'150a54dd-24e1-41aa-9e24-2eef1fdd6965','Brad','Brad Mark Murphy','Murphy','M',''),(63,'d6d07e3d-efd6-4e2c-80fa-697be784d818','April','April Sonia Johnson','Johnson','S',''),(64,'a3e86754-403c-43e6-a153-6865ddf8cc65','Christopher','Christopher Steven Barnes','Barnes','S',''),(65,'dfbd5b25-b1fe-491f-8cbe-269477fd78a0','Brian','Brian Jacob Thomas','Thomas','J',''),(66,'7a764ad8-9587-46d9-b06c-a34ed046c125','Jose','Jose Amanda Flowers','Flowers','A',''),(67,'2e62760d-1e51-42fe-b626-85c03d1ba814','Austin','Austin Alexander Bowman','Bowman','A',''),(68,'7c85542d-3c83-43e6-a9e4-c4443723a068','Jamie','Jamie Amanda Franklin','Franklin','A',''),(69,'999da90c-98d7-4cc1-b138-4a85a48d650c','Joshua','Joshua Greg Wilkinson','Wilkinson','G',''),(70,'bb15d5b1-18ae-43c4-962b-df4de07f7fba','George','George Andrew Parker','Parker','A',''),(71,'829d10bc-9a29-4f09-adfb-cc4bf2c6845f','Carl','Carl Amber Harmon','Harmon','A',''),(72,'d7ec1422-521f-488d-90d8-af9f3979ff97','Jared','Jared Stacey Burke','Burke','S',''),(73,'422b3952-2c9e-4e1b-832f-c42673b8e59e','Scott','Scott Maria Waller','Waller','M',''),(74,'c1bf80bd-cbdf-4022-9015-1c237eb2ff3d','Victoria','Victoria Gabrielle Townsend','Townsend','G',''),(75,'7745d7c5-e1e3-4e98-bbd2-368a98448a6d','Cheryl','Cheryl Jeffrey Jimenez','Jimenez','J',''),(76,'6ecc0c18-a569-4406-99f4-3824a3b1f46f','Zachary','Zachary Samuel Walsh','Walsh','S',''),(77,'aad96c3a-39a8-40dc-8e14-9dd20ceb4697','Amanda','Amanda Eddie Ritter','Ritter','E',''),(78,'8375f97b-cd6d-4c30-8df8-9bd6478fdd0f','Deanna','Deanna Keith Salas','Salas','K',''),(79,'5499b316-a3c4-44c6-92cc-ef7ba72ca02d','Tony','Tony Hunter Villa','Villa','H',''),(80,'dc5d1504-c3da-47cc-bd54-2e1401e00e1c','Anthony','Anthony Christy Carter','Carter','C',''),(81,'ea0f5542-4641-45df-b1db-f09e251e9e26','Rebecca','Rebecca Roy Frazier','Frazier','R',''),(82,'b015ac47-c2f5-4680-85fe-d475cb5fd4cf','Nathan','Nathan Tyler Hudson','Hudson','T',''),(83,'b210d4e2-d6a7-45cd-836e-405db3d1fe0b','Lindsey','Lindsey Alexander Welch','Welch','A',''),(84,'727cda5d-fdd0-4904-946d-9fd1b142edf5','Gregory','Gregory Sylvia Foster','Foster','S',''),(85,'238ce26d-abdc-4cd2-aa68-d18f0afe169d','Hannah','Hannah Matthew Patel','Patel','M',''),(86,'d8fad03b-485c-4d43-a228-0b358b0b112d','Mary','Mary Alexa Knight','Knight','A',''),(87,'85cc9bfe-7046-4e98-9f4d-2420c8d7fb8d','Drew','Drew Elizabeth Thompson','Thompson','E',''),(88,'d29b7182-df8b-4ee7-9589-bd5aaaa06045','Garrett','Garrett Christopher Bates','Bates','C',''),(89,'4e125d05-1814-44dd-ae71-bb1c9daea368','Michael','Michael Mackenzie Johnson','Johnson','M',''),(90,'30b3374a-6284-46e7-a6e4-997af1d2ce5e','Evelyn','Evelyn Lori Higgins','Higgins','L',''),(91,'9b02b213-a623-430a-8471-2f89b16930d8','Dennis','Dennis Catherine Berg','Berg','C',''),(92,'48b755e9-217d-4cf3-a1fa-4c932dfd2507','Jasmine','Jasmine Tammy Cole','Cole','T',''),(93,'2a44c485-8858-4a31-8683-d470bd8d462d','Michele','Michele Adrian Padilla','Padilla','A',''),(94,'19aaa18e-a4d3-4427-9723-c152b746b0bf','Sheila','Sheila Joseph Roberts','Roberts','J',''),(95,'8e41f9f8-04a0-4de8-8d05-0b45c91947cb','Rebecca','Rebecca Emily Good','Good','E',''),(96,'acf4a055-76da-4420-ab4d-bb7fcf2ee716','Tonya','Tonya Susan Hall','Hall','S',''),(97,'f7060153-5795-4eb5-b012-ef5a38ecc53f','Kaitlyn','Kaitlyn Jeffrey Conway','Conway','J',''),(98,'3ef2f577-ed51-4bd8-8edd-aed82fde392a','Gary','Gary Bailey Williams','Williams','B',''),(99,'6dd1072b-91e5-4742-88ed-51c5fd4f8c62','Joseph','Joseph Diane Burgess','Burgess','D',''),(100,'613b8378-f223-432a-8a97-66e533e0bfd6','Bradley','Bradley Kenneth Woods','Woods','K',''),(101,'993654a6-7254-49ac-9438-0d953471cb6f','James','James Debra Patterson','Patterson','D',''),(102,'d5471d2f-e060-452b-bbf7-2ac6ae017fbf','Dawn','Dawn Curtis Jimenez','Jimenez','C',''),(103,'573316e7-fcfa-4d21-8c9c-5c2f3204efe7','Courtney','Courtney John Stokes','Stokes','J',''),(104,'fc2c840f-3aba-4ea8-b16e-a61fa16cbe4f','Stacy','Stacy Andrew Shepard','Shepard','A',''),(105,'13a56e22-047a-4f98-b46c-96d06185d6b7','Rose','Rose Elizabeth Williams','Williams','E',''),(106,'24168906-3c0e-4cd4-95fa-81290ceeb1d6','Kelli','Kelli Todd Hernandez','Hernandez','T',''),(107,'e9b0807f-c201-437f-a73b-e1ac3a1a13ae','Matthew','Matthew Tina Acosta','Acosta','T',''),(108,'1029de34-9cff-49a0-ac26-80b159a155c1','Victoria','Victoria Meredith Cohen','Cohen','M',''),(109,'fd696f9c-9062-45c1-889d-3314e4418bcc','Steven','Steven Antonio Patel','Patel','A',''),(110,'c48fabfd-5428-46e0-a0cd-67dca3667e00','Jonathan','Jonathan Thomas Holmes','Holmes','T',''),(111,'3ff0b143-ebfd-43ab-8d34-aabbefcde23c','Gregory','Gregory Darlene Watts','Watts','D',''),(112,'bb057108-925d-4d82-b403-c11e46c1359e','Michelle','Michelle Luis Martin','Martin','L',''),(113,'d642f3d7-6866-4955-bb47-515845fff619','Brett','Brett Jessica Smith','Smith','J',''),(114,'e524d274-4c25-4717-acb7-c3464f09ae3f','Kimberly','Kimberly Thomas Marsh','Marsh','T',''),(115,'9cfb0360-572f-48b5-b4d0-ef89db53d32f','Tracy','Tracy Ronnie Baker','Baker','R',''),(116,'87baa72c-1aa2-4f80-b12a-77d59618b496','Karen','Karen Sabrina Johnson','Johnson','S',''),(117,'0880c879-29a6-4c17-87bc-71b19c0ad452','Steven','Steven Charles Morris','Morris','C',''),(118,'2ed37df4-fda5-4045-9e90-dc509172a9a4','Michelle','Michelle Michelle Phillips','Phillips','M',''),(119,'eb5b2f2a-2afd-4d71-ac00-885e72de2f67','Pamela','Pamela Steven Mann','Mann','S',''),(120,'e853aa38-dfb6-40e4-ab75-693f5e1cd51a','Lauren','Lauren Leslie Hardin','Hardin','L',''),(121,'6a030e13-9bf9-4866-8546-2deebc08371e','Andrew','Andrew Melissa Green','Green','M',''),(122,'f0b1349e-b64f-49bb-88fe-c8285700bb2b','Lisa','Lisa Ryan Diaz','Diaz','R',''),(123,'68879681-0722-41b8-b478-a3dd7881772e','Anthony','Anthony Mark Bell','Bell','M',''),(124,'57965d68-9c41-487b-834c-9d6124d3d456','Paul','Paul Debbie Green','Green','D',''),(125,'02dd3a0d-5c27-4c36-b53c-7d9d4478376b','David','David James Reynolds','Reynolds','J',''),(126,'0e13d51f-2141-4e7d-94dd-baffeb103db9','Maria','Maria Michael Hinton','Hinton','M',''),(127,'8f703ac2-7b01-4509-bdeb-23ae1a046c78','Stacy','Stacy Jack Lee','Lee','J',''),(128,'1c3bceff-4f5e-42cb-b6d3-c3ce503d9ffc','Erin','Erin Brett Benjamin','Benjamin','B',''),(129,'056500ae-e55c-48a6-8294-231c46ed365d','Evan','Evan David Duran','Duran','D',''),(130,'fcbe091e-913c-4251-b5c7-5756ca6e5f51','Jeffrey','Jeffrey Charlotte Stokes','Stokes','C',''),(131,'d8d1d11f-0912-4c55-8a93-594ca4bc8831','Brett','Brett Amanda Rice','Rice','A',''),(132,'9f0d8bb6-5a4f-4af0-bdeb-415d303ba5dc','Susan','Susan Misty Pacheco','Pacheco','M',''),(133,'c69c5e99-4755-491c-a65c-0d3176bef7b2','Matthew','Matthew Thomas Garcia','Garcia','T',''),(134,'a7a270ac-b091-4ca4-92a8-96230318e747','Debra','Debra Nancy Evans','Evans','N',''),(135,'aa69a0ac-c040-4c31-907c-26fc5ebe4ee3','Renee','Renee Barbara Wright','Wright','B',''),(136,'20345d65-873d-41a8-bb52-a1319e8d9427','Ian','Ian Nicholas Jennings','Jennings','N',''),(137,'f4db417a-c43d-450c-967b-b9f13cfdfa3e','Derek','Derek Michael Harrison','Harrison','M',''),(138,'a681b90e-2e73-4119-9bea-cc52e948d89c','Joshua','Joshua Allison Thornton','Thornton','A',''),(139,'7d4b5670-ce1a-476f-9d86-e0af616a4aca','Susan','Susan Alexis Jones','Jones','A',''),(140,'43398c5e-2c4c-4245-972e-510720dd4824','Angela','Angela Kelly Clark','Clark','K',''),(141,'8225f8c4-45ec-4095-b56d-4b506c548500','Tracey','Tracey Mark Washington','Washington','M',''),(142,'79ceca1b-7cdb-4fba-9d20-8dc679ba8580','Thomas','Thomas Michael Perez','Perez','M',''),(143,'e7c6eeca-ac7d-4813-a9c4-6c6b078aca7f','Gabriella','Gabriella Amanda Trevino','Trevino','A',''),(144,'ca34d522-752e-4afc-bc46-ac3ebd5fee2f','Michael','Michael Stephen Gomez','Gomez','S',''),(145,'472b7595-dc1e-404e-bce9-6b5b071e6676','Traci','Traci Donna Mcdonald','Mcdonald','D',''),(146,'dc2ecb9b-0b16-4eba-9540-6c3a9afcbb6a','Ashley','Ashley Melissa Santos','Santos','M',''),(147,'9f28624f-3d1f-4ac4-af60-8ad7ee5a2e02','Juan','Juan Lucas Smith','Smith','L',''),(148,'0f583f48-0fd3-4c8b-b96f-f54c577c4a7a','Sarah','Sarah Alexander Benitez','Benitez','A',''),(149,'a4e7786d-7780-4b7d-859f-6d7badbe426a','Joseph','Joseph Tamara Oliver','Oliver','T',''),(150,'62430f7f-93c0-491c-be55-8b286cb6f26c','Melissa','Melissa Teresa Colon','Colon','T',''),(151,'c8c6caee-13f6-481f-be3c-75526f09b79c','Jason','Jason Jasmine Choi','Choi','J',''),(152,'36286d7d-f6e0-494f-86dd-917061ef7351','David','David Jamie Buchanan','Buchanan','J',''),(153,'fa5514d5-4d0c-4723-8913-d739fe2be151','Craig','Craig Cheryl Powell','Powell','C',''),(154,'9785eb94-f143-4ff9-aefc-f097410e916d','Phyllis','Phyllis Shari Anderson','Anderson','S',''),(155,'da899558-7f09-406e-9f0d-05888023e2c0','Jessica','Jessica Cameron Hammond','Hammond','C',''),(156,'35143f0f-cad5-4e4f-b4c7-41e1e0e013c9','Carolyn','Carolyn Carol Thompson','Thompson','C',''),(157,'5b229111-fbaa-447e-81c1-f60bcc5cf7b5','Stephanie','Stephanie Craig Bauer','Bauer','C',''),(158,'79394a19-efc1-4029-9966-8bf94e7a28e0','James','James Christopher Ramsey','Ramsey','C',''),(159,'6950b64f-e7d6-4865-b4a4-9ce5573b196f','Sandra','Sandra Curtis Graves','Graves','C',''),(160,'7e3e661e-1db4-433a-bcb8-db36afcef7b1','Victoria','Victoria Cristina Alvarado','Alvarado','C',''),(161,'c02d3463-6ac4-4a01-9781-985ff5db8861','Robert','Robert David Sosa','Sosa','D',''),(162,'9f67e37b-c682-459a-9fb0-ad5b1663c944','Kenneth','Kenneth Zachary Greene','Greene','Z',''),(163,'1df706ad-ef5b-4761-861b-bcd0d059b74c','James','James Nancy Charles','Charles','N',''),(164,'17a4bde4-77e4-4b53-8cdd-ff527a5c08af','Tyler','Tyler Roger Fields','Fields','R',''),(165,'7e90bd4e-eb0a-4948-9d97-eba2a3661bf6','Barbara','Barbara Gary Evans','Evans','G',''),(166,'fae34a95-5f5d-482a-ae97-6f109a13e18c','Jon','Jon Dustin Anderson','Anderson','D',''),(167,'ef09bc70-92c9-48fa-b761-af95a092b57e','Christopher','Christopher James Anderson','Anderson','J',''),(168,'6d7d4b0d-74f3-48ad-8c06-afe3d768d276','Jason','Jason Pamela Miles','Miles','P',''),(169,'2e885882-55fb-479d-a4de-79902c403b69','Thomas','Thomas James Lopez','Lopez','J',''),(170,'42b534db-e3b2-46d9-be07-dcfb06b15b9c','Alexander','Alexander Peter Harvey','Harvey','P',''),(171,'a3cd2835-b024-41cd-b6ce-d4ceb53c2cd1','Amanda','Amanda Stacey Jacobs','Jacobs','S',''),(172,'5e9403f5-b894-44cb-89da-90a6e62ed3c8','Casey','Casey Wayne Andrade','Andrade','W',''),(173,'1b63af50-8473-4692-aacf-a8f61920ea4e','Jonathan','Jonathan Cheryl Mitchell','Mitchell','C',''),(174,'e9ab27e4-6ede-467e-9dd6-0f8dbb336945','Ian','Ian Heather Lee','Lee','H',''),(175,'02508bc0-c50e-4794-8bd3-095f63670850','Patrick','Patrick Ronald Henderson','Henderson','R',''),(176,'61301283-b0d0-4cf8-abfc-0088999a2859','Anna','Anna Paula Brewer','Brewer','P',''),(177,'ec34110e-7369-4401-8035-dae4faeae46b','Jamie','Jamie Katie Daugherty','Daugherty','K',''),(178,'b6e44534-dac9-4f83-a0e8-0b64d0a459ed','Marcus','Marcus Heather May','May','H',''),(179,'e4bd8d13-47eb-4ef1-8f36-a3a56d59d396','Sarah','Sarah Anthony Watson','Watson','A',''),(180,'45020b32-a590-4e79-8536-52775648ee02','Jesse','Jesse Wesley Powell','Powell','W',''),(181,'8b2965e0-8c64-4dc8-aae5-8e803269a10f','Scott','Scott David James','James','D',''),(182,'f8fee11a-0402-4c1a-8e9b-cb8b48461537','Katherine','Katherine Erin Owens','Owens','E',''),(183,'62e78104-a7eb-4c49-aa3b-df47ff7ee89d','Mary','Mary Megan Tran','Tran','M',''),(184,'3859877b-b25e-4acc-99c2-11e731970071','Amber','Amber Heather Mooney','Mooney','H',''),(185,'afbcfe87-89bc-47c3-89a3-73b0448661f9','Joseph','Joseph Erika Burke','Burke','E',''),(186,'61bac7fa-5cee-43c4-9cb6-bc37429a99e2','Ann','Ann Veronica Jones','Jones','V',''),(187,'567e6fc8-800e-4ffd-bf81-99248f66c659','Steve','Steve Steven Pineda','Pineda','S',''),(188,'34341532-90e4-4e04-9cff-9ce2e10fa8ef','Micheal','Micheal Scott Knight','Knight','S',''),(189,'b322ad14-e855-4e02-9a44-d4c81125de53','Brian','Brian Jacob Payne','Payne','J',''),(190,'79898380-ee09-4a68-b5ea-b9ae99a3f44f','Danny','Danny Larry Stewart','Stewart','L',''),(191,'13404fb4-e462-4182-bf62-9d753bc1476c','Andrew','Andrew Caroline Rice','Rice','C',''),(192,'7574fb5e-dede-4096-92c3-be4e74b04bd9','Brianna','Brianna Megan Griffith','Griffith','M',''),(193,'4c1e8b09-0299-448c-953b-e7fbdb957650','Carol','Carol Laura Garcia','Garcia','L',''),(194,'4385d265-e325-4a24-8e0a-99d33d8119b9','Mary','Mary Mary Chavez','Chavez','M',''),(195,'2eb36693-d992-4773-8b07-58636b1dcd4c','Samantha','Samantha Keith Powell','Powell','K',''),(196,'7be80fc5-70e4-42e2-b546-77cc7b2a5023','Christina','Christina Mckenzie Holden','Holden','M',''),(197,'5a4206f9-d5af-4dfa-a64f-e69c169394c2','Alison','Alison Dana Smith','Smith','D',''),(198,'8018591b-1ac9-490f-85fd-f59a2dcdc1ea','Daniel','Daniel Jeffrey Christian','Christian','J',''),(199,'ac371cc5-f937-4e9e-ab93-ccd74da4adbe','Tiffany','Tiffany Caleb Garza','Garza','C',''),(200,'0edb62f2-4c0d-415d-986c-5d9dedda4fb4','Melissa','Melissa Melanie Maldonado','Maldonado','M',''),(201,'e20c0f17-7f5f-49cb-8e0d-cddfeb4571d8','Barbara','Barbara Lisa Foster','Foster','L',''),(202,'d3c7712c-0358-4622-aad7-95097cc66c3c','Brandy','Brandy Marilyn Porter','Porter','M',''),(203,'9894e066-6dd3-447b-a28d-b0ff233cb77b','Manuel','Manuel Benjamin Weeks','Weeks','B',''),(204,'1290bba2-a878-4583-9782-91b8c863ff36','Amanda','Amanda Stacy Lee','Lee','S',''),(205,'c49f64b1-746a-4d72-b6ac-cc9da4810508','Shawn','Shawn Billy Franklin','Franklin','B',''),(206,'565f663e-cc6e-4a51-9cd8-3be285cc7bbc','Brett','Brett Kristie Riley','Riley','K',''),(207,'d7b94518-68a2-4718-a094-6b9498f48267','Joseph','Joseph Tyler Campbell','Campbell','T',''),(208,'4875e438-c0af-43d5-a01f-64d031cdb065','Brittany','Brittany Crystal Dawson','Dawson','C',''),(209,'f8c2877d-56a1-4874-9a7b-f63251f70ba8','Amanda','Amanda Jesse Hale','Hale','J',''),(210,'30e48ccf-cd09-4138-86d7-bcc5e6bc0f97','Sarah','Sarah Nicole Clarke','Clarke','N',''),(211,'da951eb0-54fe-4388-aaee-8fec2553b4d4','Aaron','Aaron John Watkins','Watkins','J',''),(212,'234c086a-81d3-4630-86fa-74a420729aad','Erin','Erin Dawn Patrick','Patrick','D',''),(213,'b9d43627-d64d-410d-a4f7-9f892c60e0ab','Erin','Erin John Kelly','Kelly','J',''),(214,'cc83f733-1aca-42b6-8b26-6dfbc82ee8d3','Felicia','Felicia Lindsay Horton','Horton','L',''),(215,'70bb1989-2a0f-4588-8a5a-db740ab95336','Janet','Janet David Thompson','Thompson','D',''),(216,'8834ad89-03dc-4dab-b7cd-97ce646f6b0c','Maria','Maria Gary Chambers','Chambers','G',''),(217,'41d95a47-a0b9-452f-a4f2-c1b3978f80dc','Stephen','Stephen Jason Nguyen','Nguyen','J',''),(218,'564fc6a5-f3ad-4a90-b904-061fe2adb8cd','Daniel','Daniel George Jones','Jones','G',''),(219,'4f29adb9-1835-4eee-8a06-c638565da428','Kelli','Kelli Aaron Barrera','Barrera','A',''),(220,'e4dc23af-b4d7-4650-a2b1-1ecc42841bf3','Kenneth','Kenneth Michael Campbell','Campbell','M',''),(221,'1e777304-2c66-460c-8d18-64ffe4f1d3a5','Chloe','Chloe Jean Wall','Wall','J',''),(222,'c9d0feaa-247a-44bf-9bd2-6bcf56c1f9d6','Brian','Brian Michelle Garcia','Garcia','M',''),(223,'5359d2b0-e91a-40cb-9217-8051f0ebb2b8','Justin','Justin Daniel Wong','Wong','D',''),(224,'4b53dde8-6a45-47b3-8887-18e937630f35','Jessica','Jessica Sarah Perez','Perez','S',''),(225,'1db96931-b99f-45b8-9f7d-c90f5c04e5fd','Bradley','Bradley Roy Carey','Carey','R',''),(226,'19cf573e-b0cc-466a-90b2-496fc694d112','Danielle','Danielle Jason Lopez','Lopez','J',''),(227,'b1c296ec-55aa-4187-984e-1ae312232cc4','Amy','Amy Brandon Ramos','Ramos','B',''),(228,'52213d00-b9cc-4698-a406-3b913ec40437','Timothy','Timothy Michelle Johnson','Johnson','M',''),(229,'dab0c6d3-7ee7-4ec5-a7af-9302c8177513','Donald','Donald Pamela Carlson','Carlson','P',''),(230,'b72a1883-aaf0-4da6-86c6-0feb8a35b91c','Cheryl','Cheryl Dawn Stevenson','Stevenson','D',''),(231,'5ee96286-afdd-4532-ae70-a230216f1108','Rhonda','Rhonda Carrie Morales','Morales','C',''),(232,'739d0e2a-eede-4f23-b84a-70c37653d183','Alexandria','Alexandria Melissa Smith','Smith','M',''),(233,'048416c3-17c2-4f51-9bbc-5c11054050ff','Heidi','Heidi Marcia Serrano','Serrano','M',''),(234,'3c42723d-e1e6-48f4-807f-187b6014327e','Thomas','Thomas Roberto Alexander','Alexander','R',''),(235,'165d65dd-ce79-4445-afcc-908e70fec2ea','William','William Sonya Perkins','Perkins','S',''),(236,'04b1adc9-f3f2-4c90-a1a5-dff530ff5eb7','Mark','Mark Barry Sparks','Sparks','B',''),(237,'cdc2dcd5-d0bc-4a72-a479-645459b13d33','Hannah','Hannah Cameron Francis','Francis','C',''),(238,'ad2c8c68-fece-4e96-9109-b0f6c54d4b8e','Lori','Lori Christopher Morgan','Morgan','C',''),(239,'a538a738-71b7-484e-9b2d-5227853f598d','David','David Jennifer Sweeney','Sweeney','J',''),(240,'bca689a2-078e-4fe7-af1c-45c010f359e1','William','William Joshua Dickerson','Dickerson','J',''),(241,'14465a29-7739-4197-a9f5-2de550180152','Rebecca','Rebecca Dustin Mclaughlin','Mclaughlin','D',''),(242,'257b6640-13c2-4963-8de5-51a1369c452f','Robert','Robert Richard Friedman','Friedman','R',''),(243,'fe1144fe-f28b-4129-b078-1818f52fc8c7','Brenda','Brenda Carl Jones','Jones','C',''),(244,'7a219de5-79aa-434b-924a-e8bd29d8ca8e','Tina','Tina Thomas Anderson','Anderson','T',''),(245,'67580bcb-ed72-4377-8d33-b54e06379e90','Patrick','Patrick Amber Ward','Ward','A',''),(246,'0757a673-7e4f-4b87-afef-2a0201af1c6f','Richard','Richard Amanda Price','Price','A',''),(247,'da08aa3f-d0ce-4910-aa2f-f3134561627b','Gina','Gina Allen Jennings','Jennings','A',''),(248,'b3ef61d1-6c9c-4815-9ae8-690bd335336a','Rachel','Rachel Chelsea Rodgers','Rodgers','C',''),(249,'f38ead8f-7e4c-48ab-8765-a619cb513fe0','Toni','Toni Jeffrey Garcia','Garcia','J',''),(250,'cad90faa-86e6-4b55-ba23-bac60dc7bd69','Douglas','Douglas Nathaniel Hanson','Hanson','N',''),(251,'6d4182aa-b1e3-4e6a-b63c-39c7cdd6be77','Sara','Sara Marissa Flores','Flores','M',''),(252,'0af99ef5-1953-4a18-8bf2-ecd623236cc1','Yvette','Yvette William Roth','Roth','W',''),(253,'b45c239d-c4d3-4db3-b42f-f8d2ec5f6101','Marc','Marc Jessica Williams','Williams','J',''),(254,'b677099e-31e7-43b3-97bd-d56fd685aeea','Misty','Misty Samuel Reed','Reed','S',''),(255,'f0425d49-6673-4b1b-b45b-b27bfa1e891d','Larry','Larry Morgan Reed','Reed','M',''),(256,'42edb980-1641-4419-b0d4-d7e9db40aa91','Tara','Tara Zachary Atkinson','Atkinson','Z',''),(257,'c9458d31-619f-44a4-aa57-fbdd2975b2d5','Gary','Gary Jennifer Robinson','Robinson','J',''),(258,'dd3bb8df-f1a9-4b08-ad2f-79f19acdaf41','Jeremiah','Jeremiah Wanda Gordon','Gordon','W',''),(259,'feda58b2-d10c-4f25-9508-d981420b8923','Brian','Brian Samantha Walton','Walton','S',''),(260,'f600b838-3110-4298-8b14-fa178faaab26','Kelly','Kelly Derek Lee','Lee','D',''),(261,'13dc494f-13c4-4387-a890-3ab1d671e086','Natalie','Natalie Jason Lamb','Lamb','J',''),(262,'4ef6ba07-78a8-49ec-b871-6442ad665983','Lee','Lee David Wyatt','Wyatt','D',''),(263,'b23f1f59-facb-4d42-86d9-fc440cfc5448','Jessica','Jessica Jeff Wells','Wells','J',''),(264,'8bdc3c03-e19c-455b-b1cd-e2638b33fd84','Jeffrey','Jeffrey Jeffery Cox','Cox','J',''),(265,'bf60401b-7d6e-4b75-ae88-f68247a72226','Megan','Megan Shane Jackson','Jackson','S',''),(266,'2ba2b735-6acb-4075-babf-1bf31fffc5ba','Jeffrey','Jeffrey Todd Thompson','Thompson','T',''),(267,'0ef2252f-5dec-4c55-b2f5-3b9c8f156d89','Jill','Jill Shaun Anderson','Anderson','S',''),(268,'e8bc31fa-af1f-449d-a299-5608688e1531','Patrick','Patrick Jesus Schneider','Schneider','J',''),(269,'9257cdbd-b831-4d0a-b961-be019a48dc6b','Kenneth','Kenneth Patricia Mccoy','Mccoy','P',''),(270,'af706095-bfcb-4839-9235-bc065ef0feb5','Teresa','Teresa Richard Brown','Brown','R',''),(271,'903632bd-2f56-41d7-839e-30c5446897ec','Chelsea','Chelsea Travis Hancock','Hancock','T',''),(272,'81afd366-f81d-4ba4-9995-9e6de3c59b43','Peter','Peter Derek Obrien','Obrien','D',''),(273,'1fa39d70-cca4-4454-96bd-1b7c5ea48219','Amanda','Amanda Kelly Sutton','Sutton','K',''),(274,'6c70559e-62bb-44c6-867c-908dfbee4809','Molly','Molly Jason Graham','Graham','J',''),(275,'379fa8db-edb8-4408-b3dc-4aab4c2c6bd4','Megan','Megan Brian Hammond','Hammond','B',''),(276,'b62ab3b7-6418-4081-b600-67aa0bc87ea4','Jennifer','Jennifer Ryan Parker','Parker','R',''),(277,'289bbe7b-3fe2-44d1-b9b8-d95052cfa24b','Morgan','Morgan Brenda King','King','B',''),(278,'48a25957-a243-43c8-a5a7-385a20536837','Lisa','Lisa Gregory Aguilar','Aguilar','G',''),(279,'6ce031f1-d30e-47c7-bdb0-0a17c639603f','John','John Catherine White','White','C',''),(280,'8e450f47-fdaf-4ab5-abb8-ab21f426eee1','John','John Kristopher Rojas','Rojas','K',''),(281,'d289bceb-013a-49b0-8ebd-872646bc8f0e','Stephen','Stephen Courtney Bradley','Bradley','C',''),(282,'f1515d00-9bba-4d25-a611-b0f514758453','Raymond','Raymond Michael Compton','Compton','M',''),(283,'19da5b8a-6913-4261-8024-2f3d31109d1c','Kelsey','Kelsey Patricia Horton','Horton','P',''),(284,'3996a917-9d8b-4d3f-9dc8-4df3edd9d274','Megan','Megan Leah Brooks','Brooks','L',''),(285,'b2259c54-a5d2-4e4a-96a3-b8005d56b539','Michelle','Michelle Jessica Hopkins','Hopkins','J',''),(286,'6d66d7a5-45ca-4b41-b4e3-57ed3f67ec75','Vincent','Vincent Matthew Wright','Wright','M',''),(287,'3360bcb1-bc25-45ba-8ce8-55edef8ae413','Pamela','Pamela Marissa Thompson','Thompson','M',''),(288,'01d78c62-9ab9-49ca-836e-14816b1a2f6f','Brian','Brian Hunter Perry','Perry','H',''),(289,'6e3839b1-afff-4174-8af5-50ce19bf67bc','Gloria','Gloria Shannon Berger','Berger','S',''),(290,'66ea7b7a-245b-4e08-ae56-3130c157f911','Cassidy','Cassidy Edwin Thompson','Thompson','E',''),(291,'79d26659-87bf-430f-9556-af142bbfe19e','Tina','Tina Richard Sanchez','Sanchez','R',''),(292,'a5d5b4ec-1cee-4b96-a42d-6ff2a54ae454','Jennifer','Jennifer Brenda Peterson','Peterson','B',''),(293,'f1f0b792-3691-4e5a-9a63-3d3ceeb9edce','Cynthia','Cynthia Logan Gonzalez','Gonzalez','L',''),(294,'89b5eba4-f605-49de-a7f4-0b37468e7bb6','Katherine','Katherine Robert Rodriguez','Rodriguez','R',''),(295,'f7817224-3ffb-4501-8799-62c5b1119c02','Patricia','Patricia Dana Hanson','Hanson','D',''),(296,'c87426d2-87e3-46ce-946d-41602c3a7d1f','Jennifer','Jennifer Robert Jones','Jones','R',''),(297,'ac9a1505-d22e-41a0-91c9-9fa08ece7c34','Rebecca','Rebecca Marissa Thomas','Thomas','M',''),(298,'3b973270-9522-48c3-a594-3cd9fce175f5','David','David Michael Castro','Castro','M',''),(299,'47ca6777-baad-4a65-bcb4-1c50ebf76e71','Kimberly','Kimberly Teresa Wilson','Wilson','T',''),(300,'fbe1d7c6-dd4e-44e6-a49a-4510ef94d774','Carrie','Carrie Christopher Turner','Turner','C',''),(301,'9b3a71b5-fb79-4b08-aaba-ff615696663a','Misty','Misty Eric Smith','Smith','E',''),(302,'ed8578c9-dfaf-480a-8057-560cb4c4d371','Jennifer','Jennifer John Krueger','Krueger','J',''),(303,'3b28d91b-01a2-42f4-9417-6ed19f530e84','Amber','Amber William Charles','Charles','W',''),(304,'2925c3c2-5f4f-4214-bd43-9a0d5be76932','Frances','Frances Nathan Torres','Torres','N',''),(305,'55f0f5a2-b5b1-4df0-943d-17de66f1033d','Shelby','Shelby Jessica Hall','Hall','J',''),(306,'d7d6e888-e0c0-4bb7-876e-efc1373413e4','Matthew','Matthew Christina Williams','Williams','C',''),(307,'e2bf5c19-8e1d-4d92-97f0-7c2d6ea21ec2','Kimberly','Kimberly Lauren Robinson','Robinson','L',''),(308,'4f714092-9f1f-4a41-b1a0-3b94fb32b981','Samantha','Samantha Amber Adams','Adams','A',''),(309,'a05deb53-4125-4c22-a5b9-ef989691f6ff','Michelle','Michelle Scott Jones','Jones','S',''),(310,'b52a8610-c4ef-4d95-8817-9cdeff771af1','Angela','Angela Amanda Simpson','Simpson','A',''),(311,'8ecae622-517d-44a3-aed6-4aa2bcd34788','Sarah','Sarah Samantha Solis','Solis','S',''),(312,'a8d4bb03-2745-41d1-8da4-92e25b521cbc','Steven','Steven Michael Williams','Williams','M',''),(313,'862a679d-46ff-44c0-bbcd-3bc38ef5322d','Hunter','Hunter Allison Smith','Smith','A',''),(314,'f0e92c68-3119-4fd7-bb1f-7bfae10c9010','Cheryl','Cheryl Martha Bass','Bass','M',''),(315,'3c73468d-b8d6-4c59-912d-8999c2197553','Sydney','Sydney Scott Patel','Patel','S',''),(316,'a7687d34-5085-4638-966f-54691c7de271','Jacob','Jacob Adam Jones','Jones','A',''),(317,'ba70f142-18c6-474d-a818-d338f52394a5','Christopher','Christopher Alan Matthews','Matthews','A',''),(318,'43dd6d21-8410-4672-a431-35e457d8b679','Terri','Terri Paul Meadows','Meadows','P',''),(319,'2a5e0b8d-e5d3-4610-bfa8-b19fee799204','Kristin','Kristin Amy Hampton','Hampton','A',''),(320,'a6af4036-559e-4df4-ad50-6783fb6b326b','Andrew','Andrew Joseph Meyer','Meyer','J',''),(321,'d7448f67-5d33-4508-87ca-30023ebea612','John','John Elizabeth Young','Young','E',''),(322,'626ce015-b24c-416a-b6fe-e94257bbc30e','Mark','Mark Joshua Harris','Harris','J',''),(323,'257a04aa-1867-4929-9be8-dc24000c182a','Kara','Kara Lindsay Evans','Evans','L',''),(324,'61e37cb4-445c-4586-b8d5-3c6e65f809f1','Cynthia','Cynthia Joshua Steele','Steele','J',''),(325,'523fdc14-50bd-41a8-b3ff-b1872210e239','Victor','Victor Kenneth Phillips','Phillips','K',''),(326,'05dbb908-a63e-4c09-8b0b-8ac5d807eac0','Laura','Laura Michael Shelton','Shelton','M',''),(327,'bad2a0c7-f996-4998-a9de-9608c627d3dc','Scott','Scott Brittany Gamble','Gamble','B',''),(328,'03d49838-4641-464c-8ca6-9a0304c52021','Joy','Joy Nancy Cole','Cole','N',''),(329,'09b9c17b-b19e-4d1d-990a-6b602645ce67','Shane','Shane Sophia Hunter','Hunter','S',''),(330,'8820730b-0177-4272-9801-904083d5dc9e','Kevin','Kevin Samantha Curtis','Curtis','S',''),(331,'d33ca57c-fec3-40c4-b4ef-7e4777dfc074','Nancy','Nancy Kristina Mitchell','Mitchell','K',''),(332,'6994b62a-5931-4712-9602-58cdcf4e3abf','Todd','Todd Andrew Moore','Moore','A',''),(333,'c8eb5e9f-2c2f-40c7-8d35-7fcd38e17a37','Darrell','Darrell April Conley','Conley','A',''),(334,'0e78d57e-e2d3-4b70-ba56-d20e889258cb','Megan','Megan Joseph Taylor','Taylor','J',''),(335,'8a70edff-6c90-4c2d-9a5a-633868216c4f','Taylor','Taylor Alex Christian','Christian','A',''),(336,'a061a5ad-401f-462c-b521-c0fb4569979f','Justin','Justin Tonya Strickland','Strickland','T',''),(337,'fb57230e-1147-42e2-a3d1-462b5c4c9817','Angela','Angela Ronnie Mcconnell','Mcconnell','R',''),(338,'890c9c0c-6d5f-4853-8304-1eac58434883','Dennis','Dennis Sheila Quinn','Quinn','S',''),(339,'c840244b-dbea-4a58-95d1-7499ece77f0a','Sarah','Sarah David Harris','Harris','D',''),(340,'312e4d64-7db9-41a1-958a-7d4119e9145f','Carla','Carla Sabrina Ross','Ross','S',''),(341,'abc9796c-5a08-4a89-9978-23b131b303a7','William','William Samantha Campbell','Campbell','S',''),(342,'6d94308d-45b9-4844-be7c-dab9b1ac2e6c','Adam','Adam Derrick Jones','Jones','D',''),(343,'63904e3c-a0ae-4020-9bd5-552025de7cbb','Christopher','Christopher Jeffery Ray','Ray','J',''),(344,'5738258e-2eb8-4b21-baab-b8becf2cb75f','Christopher','Christopher Andrea Richards','Richards','A',''),(345,'4f34c128-3d37-4eb4-bb9a-bad0772a0ddb','Eric','Eric Brenda Jennings','Jennings','B',''),(346,'1262de44-4b7a-47e6-9270-13e961c070d2','Eric','Eric Sean Moore','Moore','S',''),(347,'5ceb8484-6b56-46fa-b064-efbbb8bc4314','Joel','Joel Pedro Jones','Jones','P',''),(348,'d1321e7a-e456-4243-9437-a0eae8abeb11','Christopher','Christopher James Maxwell','Maxwell','J',''),(349,'bc4c429b-174d-460f-8fbe-059b96accb07','Carol','Carol Eric Aguilar','Aguilar','E',''),(350,'44901dd8-b50a-43bb-bf9f-870cdf9e8924','William','William Keith Hoffman','Hoffman','K',''),(351,'5b51c87f-dba2-494e-8108-af2e3e01ac28','Craig','Craig Steven Daniels','Daniels','S',''),(352,'170a6873-6b21-46b1-b268-d37b1969b282','Taylor','Taylor Matthew Ball','Ball','M',''),(353,'b4a0b5bd-2150-4f32-93fc-647d5c9c21c1','Catherine','Catherine Jennifer May','May','J',''),(354,'600ce15b-3e1a-42d2-ba06-7e7e35c67286','Gregory','Gregory Dominic Jones','Jones','D',''),(355,'24e9c91d-d6e3-41bd-a332-a9fc3a065af3','Shawn','Shawn Seth Ferguson','Ferguson','S',''),(356,'5b3065f9-b6ad-4d50-995c-5016958f059f','Ashley','Ashley Jeffery Taylor','Taylor','J',''),(357,'dd30dc05-a567-4305-b106-c75c6d6fc005','Joshua','Joshua William Murray','Murray','W',''),(358,'19e06678-9ecc-4058-8da6-e16b0633991f','Lisa','Lisa Linda Gonzales','Gonzales','L',''),(359,'52085346-6643-44fd-84b2-023fcd11c848','Dan','Dan Wesley Acevedo','Acevedo','W',''),(360,'540a1d45-c7c4-45b4-bf15-3478561897b1','Patrick','Patrick Sarah Shepherd','Shepherd','S',''),(361,'5e147913-8181-4830-9355-06e123921d74','Amanda','Amanda Ricardo Gates','Gates','R',''),(362,'9d9a352c-d5f6-410e-9ce4-769872ef35bf','Robin','Robin Ashley Flores','Flores','A',''),(363,'e666a071-9bc5-4809-bc45-bac50b20213d','Stephanie','Stephanie Daniel Johnson','Johnson','D',''),(364,'09fb8401-5bbe-4d5c-afd0-a8ecf08fb2e0','Laura','Laura Jeffrey Wilkinson','Wilkinson','J',''),(365,'1c7c46ea-833c-450d-9ea3-ef72e4136c8d','Bradley','Bradley April Willis','Willis','A',''),(366,'a305fa03-b3a9-45f7-854c-1a81db3f4a20','Alyssa','Alyssa Sarah Gonzalez','Gonzalez','S',''),(367,'1b0bb131-6561-4ea6-b167-e4ce90c2c978','Vincent','Vincent Deborah Flowers','Flowers','D',''),(368,'2956a498-40d9-4379-bc1b-8cee84e7036e','Cathy','Cathy Kristy Ruiz','Ruiz','K',''),(369,'9ea17215-dfd7-40b1-87fa-2a3b23fdef62','Amy','Amy Lisa Robertson','Robertson','L',''),(370,'138bfe54-da48-437a-bc5c-c73a21241a4d','James','James Nicole Lopez','Lopez','N',''),(371,'8b4422cf-7d69-4978-be2e-fc24f9a2c31e','Tracy','Tracy Jennifer Hoffman','Hoffman','J',''),(372,'2d6551ec-7d14-4015-be5b-493a4094c79c','Kelly','Kelly Carla Frazier','Frazier','C',''),(373,'35a613ee-15be-4127-9bff-ac1d8995e5a9','Jill','Jill Kaitlyn Mendoza','Mendoza','K',''),(374,'aaaa278d-8d3c-4943-ae3b-9b5316619f02','Jesse','Jesse Barbara Guerra','Guerra','B',''),(375,'63d4d3b2-290f-486e-9c8d-bc8e6a1bdd36','Stephanie','Stephanie Patrick Cameron','Cameron','P',''),(376,'ad43fce6-9d4b-4e22-a913-36b1b952b067','James','James Jessica Charles','Charles','J',''),(377,'5853ed2c-aa1c-4d70-8754-405799c72476','Zachary','Zachary Daniel Ross','Ross','D',''),(378,'b376c333-1bfa-4ef5-8a8a-3177660ed75d','Tiffany','Tiffany Michael Palmer','Palmer','M',''),(379,'a3c5fde2-55ce-474c-a88a-f3e8adffeec9','Roy','Roy Michelle Jones','Jones','M',''),(380,'87ede47d-c903-400a-a8a2-61cb7c2335e3','Robert','Robert Veronica Bennett','Bennett','V',''),(381,'6e0bd38e-7a76-46e8-b639-10d27364c0a6','Lauren','Lauren Diana Smith','Smith','D',''),(382,'66b0515d-a78a-4207-a57c-c8ac7008b8b6','Lauren','Lauren Jeffrey Smith','Smith','J',''),(383,'721016a4-38c4-49f2-b839-5b83fc142226','Darren','Darren Joseph Mcpherson','Mcpherson','J',''),(384,'9671ad20-2d06-4112-8975-0b0731d5aff8','Michelle','Michelle Hannah Reese','Reese','H',''),(385,'545f45d5-c792-43ac-97f2-c8344066018a','James','James Phillip Watson','Watson','P',''),(386,'7a5af23d-3021-4e9d-af2b-81cb36d6ba42','Samuel','Samuel Anthony Harper','Harper','A',''),(387,'7545b5de-7258-477b-86e3-cc1a9a190c71','Christopher','Christopher Shannon Sutton','Sutton','S',''),(388,'b429788d-319d-4ddc-b385-24012f529afb','Brian','Brian Paul Mendez','Mendez','P',''),(389,'34460b90-d171-4e4c-a0fe-2586ade17f61','David','David John Young','Young','J',''),(390,'41195d99-7519-4ca8-b1d3-bb2707239cb1','James','James Kelly Warner','Warner','K',''),(391,'eaa6a446-ab29-476b-9e6a-210babd6aa41','Kaitlyn','Kaitlyn Katherine Wilson','Wilson','K',''),(392,'92f4f956-46c5-47f4-afb7-d1ea6dc7d82f','Steven','Steven Gary Black','Black','G',''),(393,'82c618af-50eb-4cc4-8bad-960c1b748cc4','Christine','Christine Sarah Armstrong','Armstrong','S',''),(394,'1586e161-4a10-4f38-8976-0d53d4a54288','Anthony','Anthony Larry Gallegos','Gallegos','L',''),(395,'cadee3a1-07ac-4194-9b4b-6aa83484547d','Vernon','Vernon Aaron Dunlap','Dunlap','A',''),(396,'120c0541-2714-404e-b15f-e4b3af33847a','Krista','Krista Dustin Johnson','Johnson','D',''),(397,'d67ec8f0-8def-4083-a26b-c0a9e0463ccf','Seth','Seth Curtis Thompson','Thompson','C',''),(398,'997af410-14f0-4657-952c-64d08c9117f6','Peter','Peter Steven Cox','Cox','S',''),(399,'c873b492-2e5c-4faf-a568-efb189db320d','Kristen','Kristen Jenna Chandler','Chandler','J',''),(400,'01849af2-f072-491a-b03b-9b4c4e5e30a3','Kristina','Kristina Hannah Martinez','Martinez','H',''),(401,'4be13d7e-a679-4467-a840-02b7d7a328d7','Meredith','Meredith Brandon Smith','Smith','B',''),(402,'f4e54c2c-ad4e-4c0f-ae66-2da7d4eee711','Jason','Jason Lisa Anderson','Anderson','L',''),(403,'6a7eab47-3387-4b49-9b91-0e56203b3d60','Benjamin','Benjamin Christopher Rogers','Rogers','C',''),(404,'2a186480-000a-4d27-936a-cf20ec33449e','Linda','Linda Nicholas Miranda','Miranda','N',''),(405,'c2dbd133-2790-4ed9-84db-f0ca4dd09d12','Rachel','Rachel Bryan Wood','Wood','B',''),(406,'0d645070-f35a-454e-82e7-26829541cefe','Craig','Craig Sarah Wade','Wade','S',''),(407,'72f63d91-68a4-416e-8d33-2b97dc5bc628','John','John Nathan Chen','Chen','N',''),(408,'ef931b92-c00d-4e01-96c7-3df87a457f25','Suzanne','Suzanne Daniel Vargas','Vargas','D',''),(409,'71341ec8-2eac-40ca-a2fb-65a98e90943b','Michael','Michael Charles Brown','Brown','C',''),(410,'d7de6398-2fab-4250-9b98-d802b1d5ea00','Mike','Mike Richard Weaver','Weaver','R',''),(411,'eace71a5-4127-4911-a4b9-464151bb0c21','Katherine','Katherine Daniel Williams','Williams','D',''),(412,'4e02b3da-f107-4c2d-86a9-b84330880a21','Patricia','Patricia Michael Cruz','Cruz','M',''),(413,'2da41671-4f6d-4f17-b18a-3113cd036976','Angela','Angela Tina Krueger','Krueger','T',''),(414,'d41e55ae-658a-42e3-afaf-49259bc5d982','Eric','Eric Andrea Young','Young','A',''),(415,'0d3addd9-5a95-4c7d-8b9e-1f360155aa65','Gary','Gary Kaitlyn Boyle','Boyle','K',''),(416,'4c91c1c9-957e-436f-8712-477914731b57','Dawn','Dawn Travis Johnson','Johnson','T',''),(417,'213c9e5f-744e-4a39-9e3e-b7d7838a624a','Curtis','Curtis Erin Kramer','Kramer','E',''),(418,'bd8ce59c-2c55-4468-8c6e-9d978f770c88','Amanda','Amanda James Pierce','Pierce','J',''),(419,'981c108b-0ca8-4fab-b305-9c86d5991fce','Autumn','Autumn Stephen Ramirez','Ramirez','S',''),(420,'9334af67-3cfd-4ba9-a5b1-287602c159d7','Jeremy','Jeremy Theresa Hubbard','Hubbard','T',''),(421,'4032f637-bae3-49ab-ab94-e12f7ecfb8eb','Charles','Charles Roger Webb','Webb','R',''),(422,'8a232ab8-f142-4cea-b9db-bf48bd5811c0','Julia','Julia Samantha Stewart','Stewart','S',''),(423,'0e4da33d-850f-4012-ac6c-ce0eec007f65','Christopher','Christopher Andrew Williams','Williams','A',''),(424,'a347b83c-6dc7-444d-9990-bb3c8800eaac','Alexa','Alexa Stephanie Chavez','Chavez','S',''),(425,'c9bd9a35-1d9b-4e0f-a6a6-5ba278d65352','James','James Derek Davis','Davis','D',''),(426,'01e3a14b-4f16-4aaf-b749-ce67bfa15e67','Andrew','Andrew Jennifer Price','Price','J',''),(427,'2c0f2e41-a16c-43c4-abeb-c881ede16e17','Christopher','Christopher Shane Hunt','Hunt','S',''),(428,'d468c372-392d-4ea2-8412-b3c3062586d2','Mary','Mary Douglas Baker','Baker','D',''),(429,'eb0ca81e-5ec2-4e48-9f76-c091f825f9af','Randall','Randall David Nash','Nash','D',''),(430,'700ea274-6de5-4b98-9fc8-9f95b850dae6','Lisa','Lisa Michael Snyder','Snyder','M',''),(431,'d12e1c07-5b52-4e0c-9e4c-53f190b5cb1d','Michael','Michael Kevin Carpenter','Carpenter','K',''),(432,'9fb9d270-4d68-456c-8bcc-eecca93e8cf8','Katherine','Katherine Anthony Mosley','Mosley','A',''),(433,'caa55e0f-2877-4398-84fd-88e0a7e769b7','Eugene','Eugene Melinda Peck','Peck','M',''),(434,'9fc26522-b815-42ad-ad98-b8b4f024bc1c','Yvonne','Yvonne Christopher Sims','Sims','C',''),(435,'226a0008-461b-4885-9a4e-43fbbca6c398','Mark','Mark Christopher Ellis','Ellis','C',''),(436,'d27097e1-1bde-4127-bdd4-00298f41fecf','Aaron','Aaron Jennifer Gutierrez','Gutierrez','J',''),(437,'8f4e2c49-aada-4d34-9121-7659431572e7','Nicole','Nicole Emily Johnson','Johnson','E',''),(438,'80f1d5e8-a800-4cd9-a90a-9844adb7eee7','Jessica','Jessica Judy Smith','Smith','J',''),(439,'afc163f2-1420-4b19-be84-eb98b55540ce','Autumn','Autumn Anthony Rodriguez','Rodriguez','A',''),(440,'8445746d-5708-45d2-8018-d69c84a90577','James','James Jerome Rocha','Rocha','J',''),(441,'219836e7-ec44-48f1-be7a-ed3158001a84','Dorothy','Dorothy Julie Brown','Brown','J',''),(442,'16969f0e-87f8-4448-b96f-5d792996429b','Anne','Anne Nathan Jackson','Jackson','N',''),(443,'07fc43b4-12f8-4c6b-80db-c7a8aa07fca2','Mindy','Mindy Theresa Bailey','Bailey','T',''),(444,'c0f184e7-7e25-4d1f-bede-90fe1e422f88','Sharon','Sharon Michelle Logan','Logan','M',''),(445,'64a051c2-c670-45eb-87c4-3017893c5865','Sheila','Sheila Kelly Kelley','Kelley','K',''),(446,'8018be80-2d1e-4980-8cc5-90ff0005554d','John','John Scott Hawkins','Hawkins','S',''),(447,'88992e2a-9ea9-4a26-ac5f-220b202e9db1','Lisa','Lisa Matthew Edwards','Edwards','M',''),(448,'3ed326f9-4593-4e9c-9a6f-230048502fa8','Samuel','Samuel Sherry Johnson','Johnson','S',''),(449,'fd2a6523-e4ac-4e19-8831-543d9ae46039','Thomas','Thomas Caroline Schwartz','Schwartz','C',''),(450,'8aaa16e5-820e-490d-a813-19fab1fea9ae','Amber','Amber Nicholas Farrell','Farrell','N',''),(451,'bfebe213-1f9f-43d9-9a40-e68a32aa59ff','James','James Nathaniel Johnson','Johnson','N',''),(452,'9e4e0fe6-a6f3-4a77-a531-ba9876db5d9f','Justin','Justin Matthew Hebert','Hebert','M',''),(453,'044714b3-6784-4125-a0a7-aaac2a88cf2c','Brooke','Brooke Ronald Green','Green','R',''),(454,'5602196f-3bd3-4d78-81bb-9c7926e8a1b7','Richard','Richard Curtis Henry','Henry','C',''),(455,'a98ffacd-f489-471a-8bf2-a2dcef27d9a2','Michael','Michael Heather Hoffman','Hoffman','H',''),(456,'db3a6adb-ff4b-4daa-9d1f-efeea907fb06','Melissa','Melissa Christopher Aguirre','Aguirre','C',''),(457,'f49c6dd4-c1bc-4d26-beca-f069487141f5','Lisa','Lisa Eric Hunter','Hunter','E',''),(458,'d9cb4a19-6f49-4577-81a2-9c85c78aa5cb','Ashley','Ashley Gregory Tran','Tran','G',''),(459,'ced58bfe-e6ac-4268-97a2-dd9508c215a9','David','David Christopher Tate','Tate','C',''),(460,'397d9609-a1ca-4bef-a731-236d8a50ca3f','Kristi','Kristi Kathryn Williams','Williams','K',''),(461,'eb104207-9322-44a1-b059-c497a03f46a0','Christopher','Christopher Maria Calderon','Calderon','M',''),(462,'6dc99550-adaa-487e-a35b-d594adc7871f','Dylan','Dylan Melinda Johnson','Johnson','M',''),(463,'ba95335c-86b6-40e6-b73f-626e20d17884','Angel','Angel Shane Merritt','Merritt','S',''),(464,'4e9ad399-cb9a-49a9-b48a-f206750fb65f','Shawna','Shawna Justin Walters','Walters','J',''),(465,'119b33ae-72d2-41ba-aaf2-d8467893ffd9','Shannon','Shannon Ryan Simmons','Simmons','R',''),(466,'936365f5-7153-48af-b318-ed296ec68f29','Laurie','Laurie Diamond Morgan','Morgan','D',''),(467,'e69f4113-b0da-400f-b9f8-e35d7a6c37bd','Devin','Devin Christian Hood','Hood','C',''),(468,'b205be06-7493-48f5-b441-8f2db3845f71','Elizabeth','Elizabeth Megan Randall','Randall','M',''),(469,'37c36959-6aa0-42b5-bee3-781348bb712a','Larry','Larry Tonya Dixon','Dixon','T',''),(470,'e1c5c912-50ff-4769-b455-5abfc136454a','William','William Arthur Anderson','Anderson','A',''),(471,'b72d84ea-0493-4027-97c7-47d1260bb16a','Christopher','Christopher Cassandra Rogers','Rogers','C',''),(472,'b4a70132-6bfe-42e5-93d8-bdc3641d1145','Joseph','Joseph Leonard Knight','Knight','L',''),(473,'98604a7d-eec4-436d-85b6-e3134402fb91','Angel','Angel Amanda Anderson','Anderson','A',''),(474,'1a66579b-c2a7-4807-9e85-5218b24098b5','Brandon','Brandon Mary Summers','Summers','M',''),(475,'b3b2d942-a6c3-4298-b86a-73c77da67ebe','William','William Brian Jones','Jones','B',''),(476,'e20c5697-8edd-4f8f-acc4-990b9db94f3e','Karen','Karen Bryan Bartlett','Bartlett','B',''),(477,'53d3cb41-04ad-4ba7-a3a9-795a00eec6e3','Zachary','Zachary Amanda Spence','Spence','A',''),(478,'13be1fd0-dd9a-41b8-81b2-34cf821fdbba','Lisa','Lisa Calvin Marshall','Marshall','C',''),(479,'6a61280c-7983-4f66-8905-f3e753e6c527','Crystal','Crystal Kathleen Martin','Martin','K',''),(480,'449ccdcf-a409-46ab-951c-d1f5d0a8df26','Christina','Christina Catherine Adams','Adams','C',''),(481,'636246ff-68e4-4113-b897-58a7123b677b','Thomas','Thomas Heather Villanueva','Villanueva','H',''),(482,'8646c75e-9df5-4ae0-91f6-60df90ec4b1a','Theodore','Theodore Melissa Stewart','Stewart','M',''),(483,'56ac3414-ae79-43b6-9dc2-06fef42e620e','Cynthia','Cynthia Martha Clark','Clark','M',''),(484,'89419e2b-b963-4cdc-aa74-28bc985e0597','Deanna','Deanna Erin Harvey','Harvey','E',''),(485,'893c8ff0-ae41-4a08-a3c4-7993ce9c9785','Kevin','Kevin Robert Butler','Butler','R',''),(486,'d5b3371a-dbcb-4651-baec-94d6ac942a6b','Shannon','Shannon David Kramer','Kramer','D',''),(487,'be10c714-2e88-48cb-8475-4c485b7667e2','Amanda','Amanda Lisa Allen','Allen','L',''),(488,'c83d806c-34c2-4770-be8b-b44e09ca32cf','Jeremiah','Jeremiah Evan Sanders','Sanders','E',''),(489,'17ed2f5c-0930-417a-a703-a0175f833fad','Keith','Keith Jeffrey Trujillo','Trujillo','J',''),(490,'691583d9-6df8-4fc2-a216-85008d093931','Crystal','Crystal Jennifer Rogers','Rogers','J',''),(491,'c3652788-013d-4a02-b062-f019dedd8197','Thomas','Thomas Thomas Black','Black','T',''),(492,'e0a6d75f-9fa1-490b-a044-37e42c969770','Dwayne','Dwayne Paul Ross','Ross','P',''),(493,'e30e0293-7740-4ee0-8c4e-98e7c560ed8d','Bobby','Bobby Dawn Lynch','Lynch','D',''),(494,'62734fca-b3cf-44e2-82dc-5b36f1bf3d1e','Blake','Blake Gregory May','May','G',''),(495,'48c92d52-17cb-4acf-a74f-fd9c6aea1b5a','Kenneth','Kenneth Toni Allen','Allen','T',''),(496,'37467e9f-5768-4e83-93d1-4fd790725ead','Stacey','Stacey Donna Sanchez','Sanchez','D',''),(497,'b93ea5f0-6e67-41d7-ab35-0a3095a532ba','Alex','Alex Michael Cooper','Cooper','M',''),(498,'663672c7-34ee-4f45-b09a-dda60c487a76','Louis','Louis Adrian Heath','Heath','A',''),(499,'8f048e28-1253-4d43-b20a-646d9c2c22d7','Benjamin','Benjamin Adrienne Wilson','Wilson','A',''),(500,'6b949b4a-5c4a-4a03-85e1-869ded753bd5','Erin','Erin Shannon Chapman','Chapman','S',''),(501,'290248b2-1986-4c03-a91a-5695e47a05cd','Deborah','Deborah Amanda Turner','Turner','A',''),(502,'eb1a9a7b-b053-4a88-af6d-2e77b1537afd','Amber','Amber Brenda Gonzalez','Gonzalez','B',''),(503,'19880feb-4cd7-420b-8010-128f0961848a','Antonio','Antonio Alyssa Barr','Barr','A',''),(504,'06b986a8-8aa0-4847-beaa-5067587599c1','Brandon','Brandon Whitney Fleming','Fleming','W',''),(505,'52d2ab2d-f515-4039-8f13-3f0f923a85c1','Michael','Michael Paul Johnson','Johnson','P',''),(506,'b37938b2-2cf5-4bc1-8ad6-f60b4890cc0f','Lori','Lori Carl Ramirez','Ramirez','C',''),(507,'38d45266-edb6-4793-a2f5-71185564bd06','Katie','Katie Samuel Cummings','Cummings','S',''),(508,'8eaa3081-ac48-43fd-ae02-5395b0bdfbe7','Shannon','Shannon Sharon Weber','Weber','S',''),(509,'610846aa-0f32-4da1-858d-8353f51399f4','Paul','Paul Andrew Johnson','Johnson','A',''),(510,'d9084205-2497-4bc6-9f77-823b53444fc8','Katie','Katie Erin Daniels','Daniels','E',''),(511,'9083bc68-9c25-4ce5-9308-523edabe04b5','Ashley','Ashley Mary Harper','Harper','M',''),(512,'2afd863c-b75c-4621-9736-5aabbebc26e0','Megan','Megan Bruce Carroll','Carroll','B',''),(513,'e6b64fb8-1e28-48ad-a845-2a1619949378','Donald','Donald Roger Davis','Davis','R',''),(514,'717b4753-fd86-40e6-8e91-9ba9828193a1','Kelly','Kelly Gina Pineda','Pineda','G',''),(515,'f0f65780-e7c1-4c80-a4f0-1f44924b2602','Nathaniel','Nathaniel Ian Shea','Shea','I',''),(516,'ecb94b84-a8a3-4f28-a07b-872d97caa166','Timothy','Timothy Francisco Hess','Hess','F',''),(517,'13d16132-df50-4954-bb0f-d00cd4d947f8','Jessica','Jessica Terri Smith','Smith','T',''),(518,'496b89ac-4ca3-4f58-b281-e7746ee1ca1e','Denise','Denise Holly Mitchell','Mitchell','H',''),(519,'8843378b-8488-493b-a4ea-80d6eabb29a5','Michelle','Michelle Mary Jarvis','Jarvis','M',''),(520,'6d8bdfdc-1170-4192-abd6-944fb334601b','Brendan','Brendan Lisa Miller','Miller','L',''),(521,'d1bf1136-3f8c-4eb0-8a69-0578c12e5ff0','Megan','Megan Devin Davidson','Davidson','D',''),(522,'ce6346f8-7ed4-434a-bec2-e5932595ec9b','Rachel','Rachel Frank Morris','Morris','F',''),(523,'17c71a3c-afc5-4887-9d68-a42ee0a9499e','Steven','Steven Paula Kim','Kim','P',''),(524,'6d8d2ab0-ee00-43ee-91a1-fdb17d5cb6f6','Joseph','Joseph Jessica English','English','J',''),(525,'665bb523-67ec-48c3-a3f8-bec34c5d3590','Melissa','Melissa Matthew Martin','Martin','M',''),(526,'d39b8249-0631-480f-95ba-048f0a82402b','Daryl','Daryl Victor Ware','Ware','V',''),(527,'139e1806-ea8e-47c8-8888-8fad7cfe4f2c','William','William Stephen Pugh','Pugh','S',''),(528,'3e78d207-45fc-4ba7-a044-e1f2f7906f91','David','David Gina Espinoza','Espinoza','G',''),(529,'926dbbb1-c9b6-4218-9c63-d689c5d2c874','Krista','Krista Christina Lynch','Lynch','C',''),(530,'fbb24f85-0ff5-43d5-9231-fd92498539f2','Ryan','Ryan Jonathan Buckley','Buckley','J',''),(531,'d6e30001-5fe1-43c3-a81e-5da8730630bc','Jorge','Jorge Steven Parker','Parker','S',''),(532,'0c72c722-50bd-40ab-ad3a-b00d9349b179','Kimberly','Kimberly Sheri Blake','Blake','S',''),(533,'3a4fad21-6f6a-4734-b1da-813da25a900b','David','David Danielle Pruitt','Pruitt','D',''),(534,'e7bd1416-8fbe-443b-a4b6-5b0d1448f4e8','Michael','Michael Matthew Rogers','Rogers','M',''),(535,'2fdef6e9-7d5e-4148-bae6-094d031da047','Andrew','Andrew Michael Jackson','Jackson','M',''),(536,'ad848820-ee80-43ac-9692-24dcafcd7811','Heidi','Heidi Sandra Morrow','Morrow','S',''),(537,'5fe5a763-31bd-4b69-bb7a-51b1f10a62a4','Michael','Michael David Sharp','Sharp','D',''),(538,'4d901860-840d-4e9c-955d-512596130202','Heather','Heather Denise Long','Long','D',''),(539,'256512ca-4709-4319-afa1-a3b4943d40de','Brian','Brian Rachel Cochran','Cochran','R',''),(540,'bb268a4b-5849-4a5c-970b-8debfb664d0b','Jennifer','Jennifer Matthew Anderson','Anderson','M',''),(541,'bc601269-5e8c-4242-b790-0b23451aca79','Jodi','Jodi Christopher Thompson','Thompson','C',''),(542,'fafc2982-400d-4cc7-80eb-9f38e30ba8fb','John','John Kenneth Roach','Roach','K',''),(543,'b158716f-448d-40ab-91d2-465b1205a37c','Robin','Robin Mary Kelley','Kelley','M',''),(544,'abbed06e-0c00-4299-97a0-c7b9ce6b24f0','Clifford','Clifford William Schneider','Schneider','W',''),(545,'0704a2c3-9ce7-4987-92a7-b0cee0fb0340','Anna','Anna Jonathan Parker','Parker','J',''),(546,'d346856f-3afc-495a-a544-15d05d80ef54','Scott','Scott Joseph Gentry','Gentry','J',''),(547,'38657758-7072-41a7-95dc-67241c5da29b','Randy','Randy Gabrielle Nunez','Nunez','G',''),(548,'2dad72b1-e716-44cd-884a-99b0eca13f6f','Tony','Tony Kevin Hines','Hines','K',''),(549,'97bedbf4-aa39-4177-a414-fae65231c371','Travis','Travis Stephanie Fitzgerald','Fitzgerald','S',''),(550,'c75b2247-9985-441c-a6f1-f08d7d5143cc','Madison','Madison Michael Franklin','Franklin','M',''),(551,'eddb87bc-7ac4-4cf1-9125-ef4622848604','Jonathan','Jonathan Renee Shepherd','Shepherd','R',''),(552,'cf5160b6-400f-4419-ab8b-6344c10f1e0e','Steven','Steven Isaac Thompson','Thompson','I',''),(553,'47d2390c-992b-4671-995c-b10d4b92ccf6','Melissa','Melissa Katherine Webb','Webb','K',''),(554,'8ab0a0aa-9320-44e2-b66a-a5decfa2ca97','Robert','Robert Gregory Morgan','Morgan','G',''),(555,'f5420dbc-5ed9-4659-ab3d-8705902b3ae6','Sherri','Sherri Larry Adams','Adams','L',''),(556,'c950fbd5-48d1-43c6-8672-7f880eff2af7','Brandon','Brandon Todd Tucker','Tucker','T',''),(557,'73554cb1-650b-42ae-a68f-0e60a98c7aea','James','James Crystal Wallace','Wallace','C',''),(558,'3bac89ea-c32c-4799-91b3-fac482757230','Vickie','Vickie Robert Hancock','Hancock','R',''),(559,'566992db-cf84-427e-97b5-ec17d260a397','Joshua','Joshua Kristen Perez','Perez','K',''),(560,'ace44c99-262b-4ae5-95cc-06ee8ad83418','Scott','Scott Richard Smith','Smith','R',''),(561,'a7a4d44c-398c-4b5d-b9ca-c0d07184f5c1','Lawrence','Lawrence Michael Bell','Bell','M',''),(562,'6e874d2c-30ac-4587-8616-7ad3ead4f4a7','Brianna','Brianna Robin Garcia','Garcia','R',''),(563,'8d028d72-2c3b-4edd-86fc-dfc77a76f862','Michael','Michael Jennifer Greer','Greer','J',''),(564,'444d9c38-304d-4b71-bcf1-6a462d75179d','Hayley','Hayley Jack Franco','Franco','J',''),(565,'f09d395f-ba3b-4377-b87a-c8d2efa3f80d','Shannon','Shannon Rose Smith','Smith','R',''),(566,'4cf8c38f-cb59-45eb-96ba-8f490b24dd66','Lisa','Lisa Gregory Barnes','Barnes','G',''),(567,'1c714310-bf5a-4da4-8b24-05a258b98783','Peter','Peter Shane Melendez','Melendez','S',''),(568,'15e11af3-edbc-4337-b4c0-ee37be641996','John','John Pedro Hunt','Hunt','P',''),(569,'8b0b6d57-4e97-46b1-b714-ac88e5de432d','Michael','Michael Randall Kennedy','Kennedy','R',''),(570,'bf656794-3339-478d-b4b1-e31fc33f4934','April','April Ashley Jackson','Jackson','A',''),(571,'265b173e-fc3b-4474-b4ef-c7be1cfc6c0a','Crystal','Crystal Mark Mckee','Mckee','M',''),(572,'d9250411-ed4c-4486-8630-ecb997d94f68','Sarah','Sarah Mark Robinson','Robinson','M',''),(573,'e04d8bf4-4fe6-471d-8bab-d97621194e4f','Jessica','Jessica William Ruiz','Ruiz','W',''),(574,'8591e8fd-add9-4fb6-bce3-048ec0962768','Joseph','Joseph James Anderson','Anderson','J',''),(575,'575cf166-fd7c-4d72-9dab-c09c7966418d','Robert','Robert Wayne Marks','Marks','W',''),(576,'5bd02cb3-ee3f-4db4-8ebe-2596bf3e51dd','Tracy','Tracy Jeffrey Castillo','Castillo','J',''),(577,'96871e0c-b265-43c7-a5bc-3d38a2cfe458','Ashley','Ashley Debra Lewis','Lewis','D',''),(578,'66462fa0-c0d0-410a-bf6e-e53a3234b8e1','James','James Benjamin Suarez','Suarez','B',''),(579,'f5d38039-3a13-40f2-8171-387ad41cd0aa','Valerie','Valerie Andrew Contreras','Contreras','A',''),(580,'bcbc386e-797c-4a56-b0ec-334c1e1f2982','Gary','Gary Scott Newman','Newman','S',''),(581,'574a7454-a5c8-4f1d-9291-f44de2e82d6c','Molly','Molly Jennifer Knight','Knight','J',''),(582,'77a4d0de-73be-4103-914b-8a77a0e4e20c','Roger','Roger Jennifer Lawrence','Lawrence','J',''),(583,'a8a6c459-007a-482b-8a5b-dd7a172095d2','Krystal','Krystal Thomas Perez','Perez','T',''),(584,'ccb0883d-e5c8-4592-b25f-ebfb98206003','Shane','Shane Jeffrey Burch','Burch','J',''),(585,'e7bc9453-b44d-4af9-b5c7-56861b9b8052','Jonathan','Jonathan Casey Austin','Austin','C',''),(586,'d4ded4d6-cf50-40d8-a298-d5c5aa1a925f','Pamela','Pamela Cynthia Anderson','Anderson','C',''),(587,'5cc23d7e-e65e-4d59-af37-6be541d80209','Jose','Jose Christopher Hoffman','Hoffman','C',''),(588,'b4d337b4-9cc2-4b90-afe0-fe42a098a7e5','Christina','Christina Allison Owens','Owens','A',''),(589,'15fb90e2-acd4-44b2-b566-716d21683c1d','Ashley','Ashley Elizabeth Thomas','Thomas','E',''),(590,'b6fac112-09b2-4230-aca7-91d9fc84c4e1','Tyler','Tyler Daniel Stephens','Stephens','D',''),(591,'f9de0151-5af9-4c73-b739-01817abd66ab','Jasmine','Jasmine Larry Davis','Davis','L',''),(592,'211a191c-a70a-4fc7-b4b4-b78842abe647','Mariah','Mariah David Martinez','Martinez','D',''),(593,'16786e6c-fa96-45dd-ae3e-9694cea184c3','Karen','Karen Brianna Foster','Foster','B',''),(594,'297d1271-8ef8-43dd-979d-5992a9f7a6ae','Chad','Chad Carlos Wilson','Wilson','C',''),(595,'d0c43fd4-3e33-44d4-beee-0ca16ab4f718','Karen','Karen Jennifer Bryant','Bryant','J',''),(596,'828c4cc1-c3a5-45c4-b697-ed634ed5b5b7','Edwin','Edwin Gregory Franco','Franco','G',''),(597,'0cca36c0-3294-4f74-abf7-0d57934f4ee4','Michelle','Michelle Ana Hill','Hill','A',''),(598,'3a3c7948-409f-479e-82cd-e8bb8934d92c','Steven','Steven Derek Anderson','Anderson','D',''),(599,'6020d60e-4820-4b86-9add-09356641126d','Stephen','Stephen Paul Burke','Burke','P',''),(600,'39a75ac6-3279-4bff-a7df-f675735e29df','Nancy','Nancy Chloe Miller','Miller','C',''),(601,'5895bac1-a8b0-447b-be47-d3e6df7c5b43','Virginia','Virginia Pamela Richards','Richards','P',''),(602,'0cc83583-b81c-437d-b80c-e8eff3ae2725','Ronald','Ronald Evan Olson','Olson','E',''),(603,'ec05ac61-bf6c-43f5-a1d7-facd686c58fc','Barbara','Barbara Taylor Rogers','Rogers','T',''),(604,'a4d3abc1-f91e-4b65-8568-2b563d514126','Lisa','Lisa Ruth Lamb','Lamb','R',''),(605,'8cf6ce01-1a3f-4f85-9717-78e1fea33a9a','Sarah','Sarah Sara Clark','Clark','S',''),(606,'2642b2e9-211c-43e0-beda-16843aae29c4','Ryan','Ryan Priscilla Rice','Rice','P',''),(607,'4f695595-452b-47fe-af85-80b3a3899aaf','Judy','Judy Audrey Taylor','Taylor','A',''),(608,'e6c43d17-e725-4054-bd84-ffcd611ec498','Shannon','Shannon David Randall','Randall','D',''),(609,'cd2ed594-5b36-45ba-a187-042834c27d94','Dustin','Dustin Adrienne Thompson','Thompson','A',''),(610,'507f579f-7fe3-48a9-99c4-f4277a28b5da','Lori','Lori Lauren Jones','Jones','L',''),(611,'153446ab-709f-4d40-84e9-062fb84fc9ba','Ryan','Ryan Jennifer Nguyen','Nguyen','J',''),(612,'c6dcae01-fc50-4f19-a471-735f3a4cd024','Noah','Noah Kathryn James','James','K',''),(613,'bcf7e21a-2d5b-4be9-8eb8-c221fe4cf86a','Tiffany','Tiffany Karina Jimenez','Jimenez','K',''),(614,'bb267e26-314b-4d15-a6ad-11e9e3509bcd','Corey','Corey Angela Gonzalez','Gonzalez','A',''),(615,'aa91c81f-2993-4e5d-8d81-fd6217399f73','Lauren','Lauren Tyler Fisher','Fisher','T',''),(616,'cde104da-6e1a-4487-98e9-33e00bb50e6f','Scott','Scott Kyle Little','Little','K',''),(617,'9d54353f-35ab-4beb-a166-7ff16982eafa','Donna','Donna Cathy Foster','Foster','C',''),(618,'e8d5cc97-692e-40e5-ae85-7b836d3ef78c','Jennifer','Jennifer Daniel Ramos','Ramos','D',''),(619,'def55a53-2aa2-4f4c-9efc-db4b0e9e5403','Charles','Charles Kim Dalton','Dalton','K',''),(620,'31c62bd1-ca95-4d90-b966-7f7c402954a3','Gail','Gail Julie Green','Green','J',''),(621,'33db030e-991f-4664-9949-8e1cbec83737','Rachel','Rachel Christopher Silva','Silva','C',''),(622,'ee42b379-3541-43ff-9642-267fb516d761','Jo','Jo Raymond Davis','Davis','R',''),(623,'c07e2cb2-e3bd-4413-8558-7b987397f9d6','Ms.','Ms. Chad Lisa Neodymium','Lisa','C',''),(624,'effdb704-6c65-4002-8344-20b4671517f4','Anthony','Anthony Nancy Gibson','Gibson','N',''),(625,'9096d76b-0a25-4771-964c-cfecd558d142','Erika','Erika Joseph Barber','Barber','J',''),(626,'89a574f1-bb30-4f6d-b98c-2d6c2fb96812','Gregory','Gregory Erica Smith','Smith','E',''),(627,'20401891-6277-48af-8fa9-39871c06f33a','Bethany','Bethany Amber Wolf','Wolf','A',''),(628,'38993a37-e291-4b23-8e50-bc139fe01f7f','Danny','Danny Ann Peters','Peters','A',''),(629,'fb9577e1-9281-4a33-9c3d-1296041e0860','Brett','Brett Billy Foster','Foster','B',''),(630,'89d249f3-cdfb-4503-a4d2-80a1b8fbe6be','Lisa','Lisa Jeffrey Martinez','Martinez','J',''),(631,'05ed4561-8d03-413e-9a3f-721f13106a10','Thomas','Thomas Leonard Pratt','Pratt','L',''),(632,'7bda1ad7-fde4-4f41-bff7-b428e7a11cb9','Dustin','Dustin Jose Curtis','Curtis','J',''),(633,'6ee1f64e-e856-4956-9cc6-b7dc84df5986','Melissa','Melissa Vanessa Wilson','Wilson','V',''),(634,'7adeafdf-7b4b-43c1-837c-8191a3ac7b95','Jason','Jason Tracey Phillips','Phillips','T',''),(635,'959f6b50-ad16-4e97-a668-38c8593094eb','Christine','Christine Erin Downs','Downs','E',''),(636,'32076135-21ec-4457-a3d5-d8bc481437e5','Melissa','Melissa Whitney Rodriguez','Rodriguez','W',''),(637,'5846ea42-1195-4f87-a2d7-e8ce12e55f6a','Lauren','Lauren James Vargas','Vargas','J',''),(638,'914b10c4-491a-4bd9-b45d-84382928bc22','Gregory','Gregory Omar George','George','O',''),(639,'19e9c1cb-2e94-44f7-b5b4-c289bfbf5609','Jennifer','Jennifer Nicole Rodriguez','Rodriguez','N',''),(640,'4dda732a-5d9d-4141-9c6c-d2d18ec7c3ac','Jon','Jon Russell Jackson','Jackson','R',''),(641,'34445f41-9166-4f31-b380-a112dd002aa5','William','William Sarah Sanchez','Sanchez','S',''),(642,'86e32559-9c35-4a42-985f-e028153477c0','Megan','Megan Brianna Williams','Williams','B',''),(643,'969e9e63-6458-4ed4-805a-bed306b5ee19','Rebekah','Rebekah Nathan Cook','Cook','N',''),(644,'d53f0b63-cdad-4305-b8a1-8d5ebc43c4a3','Stephen','Stephen Stephanie Kane','Kane','S',''),(645,'240b0fc1-648b-4a05-9239-941f6e9e78ce','Corey','Corey Kristie Collins','Collins','K',''),(646,'f5364702-eb10-4288-91e8-5478f294756c','Jennifer','Jennifer Kelli Reed','Reed','K',''),(647,'e444a2e5-ce6e-463f-9f5a-5167334c1ac1','Robert','Robert William Madden','Madden','W',''),(648,'be997d1a-fdb2-4faa-9ba8-6478277e8d4f','Sean','Sean Courtney Andrews','Andrews','C',''),(649,'4c9449c3-477d-4750-b6a9-dc266de90b9f','Jeanette','Jeanette Erin Jones','Jones','E',''),(650,'6864b44a-371e-4938-aa27-45fb6baaa7ab','Joseph','Joseph Ryan Young','Young','R',''),(651,'bd7d7255-d108-42d3-978b-fc0cba51e3c2','Christopher','Christopher Belinda Martin','Martin','B',''),(652,'5d5a39a3-3dce-4806-9750-e5288e12ac71','Christina','Christina Latoya Coleman','Coleman','L',''),(653,'7a099839-b4fa-4181-83cb-5683b4f36c02','Terri','Terri Gabriel Ingram','Ingram','G',''),(654,'c116d8a8-0815-44f2-8072-b47a9976b4c2','Kerri','Kerri Patrick Adams','Adams','P',''),(655,'cb4ec1d2-d44f-46f8-84d2-ff936171fafd','Amanda','Amanda Natalie Mckee','Mckee','N',''),(656,'5c886c78-1649-41d7-80c2-102482febfc1','Donald','Donald Luke Walker','Walker','L',''),(657,'b615f230-79e8-44c2-a742-29e99906318c','Tiffany','Tiffany Daniel Roberts','Roberts','D',''),(658,'05dd44a0-13a6-4b68-84c5-3483323c23bd','Scott','Scott Anna Francis','Francis','A',''),(659,'fba8c5c4-1790-40dc-b105-9074400f3cbb','Ashley','Ashley Kimberly Boyd','Boyd','K',''),(660,'f1bae3a8-8db3-44d1-ac93-83f07b61ce5c','Jesse','Jesse Alexis Walker','Walker','A',''),(661,'0675defd-5684-4cb3-af40-3cc5a05345b7','Nicholas','Nicholas Scott Munoz','Munoz','S',''),(662,'a8d7c4c1-908c-4ce4-8f96-07e2a203c9f4','Zachary','Zachary Christina Carter','Carter','C',''),(663,'af2743de-f592-471e-800b-f12b04477ac3','Daniel','Daniel Elizabeth Fields','Fields','E',''),(664,'cb8bcda7-3883-43b5-91f7-1f223514d87c','William','William Ricky Dyer','Dyer','R',''),(665,'9941719b-a47b-4616-a61c-3814634fada6','Justin','Justin Greg Yang','Yang','G',''),(666,'10a6a5c0-f300-4ccc-80af-6efb185b7ddf','Barry','Barry Jasmine Vasquez','Vasquez','J',''),(667,'8b5e3e4c-9d05-46cf-8a88-f6268ded972a','Alejandro','Alejandro John Evans','Evans','J',''),(668,'53696a04-a494-4dde-ae59-2c7e5d4ec80a','David','David Paul Reynolds','Reynolds','P',''),(669,'a379670d-3a06-45d0-a878-83b21cfc2037','Jennifer','Jennifer Kevin Kramer','Kramer','K',''),(670,'9d857637-1a2d-479d-a9b4-08725bdd3708','David','David Brian Dunn','Dunn','B',''),(671,'9eddb486-ff46-4b02-9393-b79058302516','Zachary','Zachary Matthew Burns','Burns','M',''),(672,'bcca0c6c-e1a0-4b53-9559-b3a364566011','Anthony','Anthony Mary Mays','Mays','M',''),(673,'b3fc511f-4f83-4d81-8da5-3af504b5765b','Olivia','Olivia Robert Pope','Pope','R',''),(674,'3a0ae728-20ac-4168-9009-336fe1659cc2','Antonio','Antonio David Wise','Wise','D',''),(675,'6c234108-041d-4916-8947-1d1d6e321787','Rebecca','Rebecca Angela Smith','Smith','A',''),(676,'5693d713-52a3-4552-ba23-874c678e41fe','Elizabeth','Elizabeth Brian Rivera','Rivera','B',''),(677,'5ad15e49-f361-4a18-945e-854c5ce59bfa','Jeffery','Jeffery Cody Parker','Parker','C',''),(678,'d5ce6c50-ca69-45f8-af58-f504963b8bde','Elizabeth','Elizabeth Michael Sims','Sims','M',''),(679,'7115dae2-5a4f-4cbd-ba99-9818efe0049d','Diana','Diana Justin Rodriguez','Rodriguez','J',''),(680,'36e9da74-7780-4a1e-a870-5fa5c0d2955c','Gilbert','Gilbert Samuel Garza','Garza','S',''),(681,'0c4f1daf-da57-4364-a32d-bd291831fbe7','Katie','Katie Steven Graham','Graham','S',''),(682,'273fdb97-9669-4d05-b626-e3a6a42aebae','Terri','Terri James Williamson','Williamson','J',''),(683,'2c70c99c-b8c0-455e-865d-57754e705b6d','Grant','Grant Christopher Johns','Johns','C',''),(684,'84dd3be6-12d6-43fb-8959-32b10e34bb3f','Stefanie','Stefanie Pamela Turner','Turner','P',''),(685,'ae0ea649-d034-420d-b1cc-0bde5297dfd1','Benjamin','Benjamin Gregory Chan','Chan','G',''),(686,'b3d90bb4-74c2-467e-a8d6-5b4b9e6df2cd','Jonathan','Jonathan Jessica Hurley','Hurley','J',''),(687,'88c7d04c-a2e1-48bc-8e5f-c1362920072c','Rachel','Rachel Erin Hernandez','Hernandez','E',''),(688,'49f9c731-a99e-42ac-9f5a-acf26454ef9c','Carl','Carl Kenneth Reeves','Reeves','K',''),(689,'9c2e6b5e-6d45-4ed7-b39c-7c188e24334c','Lisa','Lisa Michelle Thomas','Thomas','M',''),(690,'7bd24768-7fcf-4252-8500-e1e054e2f960','Pam','Pam Emily Turner','Turner','E',''),(691,'31f86ace-9e97-4149-9154-6afc89fd53cf','William','William Crystal Hoffman','Hoffman','C',''),(692,'ff482499-71ba-402d-bcd2-d7305699f905','Matthew','Matthew Joshua Fowler','Fowler','J',''),(693,'beaf9974-596e-4d20-b2a3-6c5d4923b124','Brian','Brian Kelly Mcmillan','Mcmillan','K',''),(694,'43e9eb06-3a93-4f39-b725-f789df0d0c49','Alexander','Alexander Robin Hamilton','Hamilton','R',''),(695,'f072912a-0a11-44d9-857b-6920f7fbd36f','Sara','Sara Kevin Silva','Silva','K',''),(696,'ab4fb779-135c-4f45-90f5-cca1f114fc34','Chad','Chad Kayla Wilson','Wilson','K',''),(697,'506a7668-dcb9-41cf-86d2-c71657baaab8','Amy','Amy Victor Carlson','Carlson','V',''),(698,'fb125025-b4a7-418d-a894-257cf094281f','Shelby','Shelby Colin Pierce','Pierce','C',''),(699,'1f51bd9a-c8a2-41d1-81cc-6ed6284c433c','Chad','Chad Kim Guerrero','Guerrero','K',''),(700,'d0d74ef5-199a-4f67-a19d-0f789afaadc6','Molly','Molly Bonnie Davis','Davis','B',''),(701,'25414f7f-5214-4201-9a2a-a70d3623ee10','Robert','Robert Dana Lee','Lee','D',''),(702,'e222ac97-1943-4bf5-aa05-169d422ae10e','Cynthia','Cynthia Anna Freeman','Freeman','A',''),(703,'195be60d-cc74-4fe4-9a7d-a4e373a0c903','Lee','Lee Shelley Hernandez','Hernandez','S',''),(704,'e10fcf41-bace-4eb7-a502-3cc862aee3b4','Nicholas','Nicholas Michele Price','Price','M',''),(705,'74d46d94-12de-4eb3-82e9-03f951950fd8','Christine','Christine Angela Lopez','Lopez','A',''),(706,'d2863f86-bdc4-4a12-b1ec-698bebcf2833','Billy','Billy Mark Smith','Smith','M',''),(707,'b6cb8952-f9ab-43f0-b2d6-8f3923344990','Shelby','Shelby Todd Sullivan','Sullivan','T',''),(708,'f2c7d337-d63f-48ef-adff-c25f1add443c','Brandi','Brandi John Jackson','Jackson','J',''),(709,'8930895b-d1ad-4466-9441-7a3df96986d1','Todd','Todd Megan Walker','Walker','M',''),(710,'29895052-0cff-4c57-9d66-9f41e3c88232','Kayla','Kayla Walter Black','Black','W',''),(711,'3a37175d-18f1-4b1a-91b2-3c208653a7b2','Tara','Tara Marie Meyer','Meyer','M',''),(712,'95e1303c-20ea-410f-bb00-dc398007dc6e','Kristin','Kristin Brandi Russell','Russell','B',''),(713,'40b0dc93-bf74-461b-9c28-2938e0c74ce4','Logan','Logan Michelle Pierce','Pierce','M',''),(714,'a6b62579-30b7-47c3-87e5-f9a999a3119f','Derrick','Derrick Latoya Smith','Smith','L',''),(715,'721a87b5-8eb4-49b8-a847-4c009722e43e','Amy','Amy Alexander Mills','Mills','A',''),(716,'93ff9a38-5c05-4dcd-890f-42cb0c6f7292','Jerry','Jerry Nicholas Clark','Clark','N',''),(717,'0c13b3d2-36b1-45e8-a955-f52c6d21bdac','Christopher','Christopher Kevin Martin','Martin','K',''),(718,'02b5d7d7-ba48-42f8-a680-0ad28b524f51','Gary','Gary Catherine Burns','Burns','C',''),(719,'487e33af-0606-4e62-9c1c-3f64419e1a4e','Jennifer','Jennifer Heather Lyons','Lyons','H',''),(720,'18ba42df-af5b-4f95-b6d7-9329c45cf848','Linda','Linda Jordan Hall','Hall','J',''),(721,'a808af66-ad89-4498-952a-6615c42b242b','David','David Christine Allen','Allen','C',''),(722,'bda6bb4e-2299-4560-a94a-02904efbc3ea','Lisa','Lisa Amy Parker','Parker','A',''),(723,'0d74de42-08d1-4f02-aa0e-40f2bb185962','Kenneth','Kenneth Wanda Harvey','Harvey','W',''),(724,'e7d37a7d-ff46-4717-b763-703ce78e3c4d','Frank','Frank Daniel Burns','Burns','D',''),(725,'d6223c1f-3265-4ab9-8eb2-dc18de9fdcdf','Samantha','Samantha Kathryn Shaw','Shaw','K',''),(726,'b94a1bae-341b-40cf-bef7-956987bb1ce4','Lisa','Lisa Brandy Moran','Moran','B',''),(727,'d8bb6407-966a-4df8-b377-18e27ceb5a33','Morgan','Morgan Elizabeth Nelson','Nelson','E',''),(728,'ed0297ef-54df-4828-8c09-b02d1b11ee71','Christopher','Christopher Meredith Reyes','Reyes','M',''),(729,'946c737c-172f-460e-9793-4ea36f571543','Thomas','Thomas Catherine Brock','Brock','C',''),(730,'9c2db2ec-e52a-4ca0-ab5b-188619ef5dc8','Julie','Julie Steven Vaughn','Vaughn','S',''),(731,'3b564c04-1674-4138-b015-20c9b84bc782','David','David Timothy Dyer','Dyer','T',''),(732,'2c4f5ca2-5753-4187-b31c-5646fa023827','William','William Megan Jones','Jones','M',''),(733,'75fa357e-ce7b-470f-a63a-506e412bb915','Wayne','Wayne Adrienne Mcguire','Mcguire','A',''),(734,'48e65b00-d069-4ccb-bc1a-41ed5ac407e7','Thomas','Thomas Amber Rodriguez','Rodriguez','A',''),(735,'7246844c-93b7-413c-909e-ee97da2de4c3','Lisa','Lisa Miranda Williams','Williams','M',''),(736,'31aa55dd-496f-49a9-94d7-4a6d934195c7','Mark','Mark Tammy Newman','Newman','T',''),(737,'04596290-0936-4453-b7fc-864c2589a6fb','Michael','Michael Kevin Pollard','Pollard','K',''),(738,'cb90e9a1-bef1-4c0e-baa7-0ee3b8e09a19','Angela','Angela Joseph Medina','Medina','J',''),(739,'3f262591-57a7-49ee-9835-4f51e5b74d09','Justin','Justin Lauren Conley','Conley','L',''),(740,'17549c77-6ad9-4fca-aa44-380478a4c7b4','Roger','Roger Jeffrey Baldwin','Baldwin','J',''),(741,'410ffd5a-6741-4f0a-9486-18a6de9c7222','Amy','Amy Angela Taylor','Taylor','A',''),(742,'0486d11a-b999-43d4-9b62-392ff2a05dff','Andrew','Andrew Bonnie Thomas','Thomas','B',''),(743,'ab7745aa-635a-4809-b379-d3513ff2f7b8','Yvonne','Yvonne Jessica Keith','Keith','J',''),(744,'8e9f7565-d012-4374-997b-84eda1ade582','Roger','Roger Bryan Galloway','Galloway','B',''),(745,'ed34bf16-e06d-4327-ba3d-92550f43bfa2','Oscar','Oscar Colton Price','Price','C',''),(746,'a4312691-3ad7-4d98-85a7-61cca8b9deab','Kendra','Kendra Lauren Savage','Savage','L',''),(747,'a190d8fd-2c9e-46b7-b507-ea35bf6fc9b4','Steven','Steven Lauren Douglas','Douglas','L',''),(748,'89d003a7-59d7-4f0d-9e03-7adeceb98891','Laura','Laura Anna Blair','Blair','A',''),(749,'a2bb5e65-848c-493e-9911-2d49416e64ca','Joshua','Joshua Jeffrey Booker','Booker','J',''),(750,'ba751448-2977-4eca-8d83-d84a48c89d76','Tyrone','Tyrone Amber Hernandez','Hernandez','A',''),(751,'ff8fbdbb-e4bb-45d9-8d5e-ce5fc57df92e','Jake','Jake Melissa Ferguson','Ferguson','M',''),(752,'f96bd40c-030f-4930-8f4b-f9a31631383e','Stacy','Stacy Regina Johnston','Johnston','R',''),(753,'00248594-2704-4692-831d-25b351dd21de','James','James Sandy Camacho','Camacho','S',''),(754,'0bb160f2-536b-4bb4-9dee-acab6d61e29d','Shannon','Shannon Renee Cook','Cook','R',''),(755,'1b476dbb-b89e-445b-9c99-8d62fb3fa6ff','Tony','Tony Autumn Krueger','Krueger','A',''),(756,'84266f3f-3fdb-4774-9811-59b529c5a9d6','James','James Nancy Wilson','Wilson','N',''),(757,'b6e6ad85-b74a-438e-a2cf-c5667a7b7e56','Ryan','Ryan Chad Mckay','Mckay','C',''),(758,'c86174d8-0e94-45b2-a4c4-2356be6b37ed','Amanda','Amanda Larry Simpson','Simpson','L',''),(759,'17427cb6-31a6-49c9-b26b-2c96c9c7c82e','Jessica','Jessica Patricia Brock','Brock','P',''),(760,'15f4acbc-901d-46f5-aa8e-dd18894d9cb3','Samantha','Samantha Jenny Lee','Lee','J',''),(761,'a9a11c51-5715-4e2e-8042-7692976b2a21','Brandon','Brandon John Nelson','Nelson','J',''),(762,'e7765529-6dde-484e-a565-ff0ed53b80b2','Kari','Kari Daniel Robinson','Robinson','D',''),(763,'00f9b9e0-5d8d-4a73-9d3f-0673171bb124','Ashley','Ashley Rachel Sharp','Sharp','R',''),(764,'04e0e2ce-54d3-468c-a5c1-0c1a022d5743','Jennifer','Jennifer Diana Pittman','Pittman','D',''),(765,'e0da2503-b16e-4b09-83ac-8763db7abbaf','Desiree','Desiree Phillip Blanchard','Blanchard','P',''),(766,'a4e5bbca-422e-4b8c-a8c0-887b63afbeb6','Sarah','Sarah Rita Booth','Booth','R',''),(767,'b296677b-6b81-4cd1-afd4-ddb280f50eaa','Eric','Eric Jeremiah Deleon','Deleon','J',''),(768,'531c0236-32a0-4757-8375-026803909d92','William','William Francisco Morrison','Morrison','F',''),(769,'bf5600fd-3108-48ec-ba95-4c7ceae13b6c','David','David Raymond Burke','Burke','R',''),(770,'65442d73-70d2-4300-a66c-ec1ff7dd8406','Maria','Maria Julie Vega','Vega','J',''),(771,'ce923e3f-a1f6-4857-8b70-e125ae3add1b','Kurt','Kurt Joshua Morrison','Morrison','J',''),(772,'7ae97654-f801-4917-bd37-4a1110aac1af','Patricia','Patricia Carmen Williams','Williams','C',''),(773,'f53670d0-aefe-47d5-9542-3ee74e31a626','Maureen','Maureen Amanda Williams','Williams','A',''),(774,'92eef64e-88de-4973-8bbd-bdc05f044e85','Linda','Linda Kristina Stanley','Stanley','K',''),(775,'40225ecf-2415-49a7-b9b2-d45d30c49135','Stephanie','Stephanie Christine Wright','Wright','C',''),(776,'043d3b00-ea6a-4fff-8314-ad9a5f9c59af','Eric','Eric Tammy Morales','Morales','T',''),(777,'f2a79f4b-1f07-4c6d-afdc-58e09e9b41c2','Brian','Brian Madison Miller','Miller','M',''),(778,'4781b8d8-2565-407d-9e64-6d71ca4184b7','Sarah','Sarah Lori Ramirez','Ramirez','L',''),(779,'146a55b7-140f-4b8c-b522-2664cfef687e','Tonya','Tonya Paul Boone','Boone','P',''),(780,'3996dda9-b091-4eb8-a1ef-5c3de3c4ba9a','Amanda','Amanda Jason Davis','Davis','J',''),(781,'f441552f-a710-4eef-86a7-59600bab13a1','William','William William Wood','Wood','W',''),(782,'8bb376bd-24ae-4a28-9459-71939cc6bcc3','Christopher','Christopher Kevin Conrad','Conrad','K',''),(783,'4e1ddaeb-f41c-47a4-8d8a-d917064c8f82','James','James Alexandra Fernandez','Fernandez','A',''),(784,'f3f0714e-296a-44b0-b131-8d67cd4eb0c2','Billy','Billy Holly Wolf','Wolf','H',''),(785,'3dcc88d6-84f0-432d-b0a8-a69c80d1b6ab','Meghan','Meghan Laura Logan','Logan','L',''),(786,'552ce5ca-4f0e-45f0-ad99-78c79e01dbd4','Julie','Julie Joanna Stafford','Stafford','J',''),(787,'07f98365-7423-4581-9145-e5ab527bdccc','Monica','Monica Kelsey Moore','Moore','K',''),(788,'384afe12-ca4b-4d83-9c3a-e83540351748','Christopher','Christopher Tina Moore','Moore','T',''),(789,'bfb612ec-3e5a-45bc-adc4-598808967cf1','Sarah','Sarah Morgan Rivers','Rivers','M',''),(790,'5afc4a3c-0391-4f91-a4b1-00e07b4c78ed','Michael','Michael Brittany Allen','Allen','B',''),(791,'48382add-d661-48d6-b4fa-60f02abff85a','Mark','Mark Amanda Castillo','Castillo','A',''),(792,'d425ff48-37c6-43eb-a94e-45ee0926f734','Matthew','Matthew Theresa Hayes','Hayes','T',''),(793,'37b6efb7-bcad-48da-8664-8b8d1333cef9','Edward','Edward Jennifer Allen','Allen','J',''),(794,'3c4bef69-0b46-47c9-9a7b-99e08bb1af8c','Marissa','Marissa Elizabeth Cox','Cox','E',''),(795,'9aa35824-3385-44a7-a770-61c7f125c4b2','Janice','Janice William Simpson','Simpson','W',''),(796,'0df2e202-6fe6-4933-8b4e-82ff4bcb1553','Patricia','Patricia Deanna Anderson','Anderson','D',''),(797,'21c2b3e4-4233-4c4f-8499-2be091736416','Scott','Scott Phyllis Diaz','Diaz','P',''),(798,'e7e54623-0637-4d8c-b40d-30fb9cf75b1b','Kimberly','Kimberly Brian Williams','Williams','B',''),(799,'fc232eff-445d-40ac-8b91-d29bd186330e','Amber','Amber Devin Wolf','Wolf','D',''),(800,'e519a062-508d-4427-80ad-fc2e702a147d','Tammy','Tammy Christopher Davis','Davis','C',''),(801,'ebdc48b8-f451-425d-b8d8-5a2db073954f','Joshua','Joshua Rebecca Scott','Scott','R',''),(802,'941e12d2-dd33-43f0-8a12-0386ce8029c9','Robert','Robert Christina Lane','Lane','C',''),(803,'67af11a8-3487-4566-ad65-844e8dfb55c1','Anna','Anna Brianna Romero','Romero','B',''),(804,'cb9814fe-2b93-4fd4-8e05-8b62c72aca76','Anne','Anne Gabriel Potter','Potter','G',''),(805,'96ae7d1d-20c5-4641-b492-5945aeb069f9','Brittany','Brittany Todd Bass','Bass','T',''),(806,'199f1456-ca39-4b51-ae0f-7e577ac9a87f','Kathryn','Kathryn Erin Flowers','Flowers','E',''),(807,'7111c58b-1426-4818-80da-6d2bdecab2ca','Christina','Christina Gregory Edwards','Edwards','G',''),(808,'4817704a-c0db-4b95-a1fc-4690363b3256','Peter','Peter Joshua Price','Price','J',''),(809,'7d5cfaf8-8d36-4e35-be99-f8a7139afbb3','Emily','Emily Penny Spears','Spears','P',''),(810,'b813f755-d9ab-4635-bf54-a502980da389','Deborah','Deborah Seth Martinez','Martinez','S',''),(811,'6d0af7bc-7f3e-494a-a927-2ac1b0ec73ea','Eric','Eric Jesse Garcia','Garcia','J',''),(812,'2e599441-fc1a-4683-9358-e20c78fa89d9','Shawn','Shawn Mary Stevenson','Stevenson','M',''),(813,'d77c91d1-c3aa-4efa-889b-1b9b7cd7e1d7','Gregory','Gregory Laura Fox','Fox','L',''),(814,'f7ea37aa-71c1-416f-aaf5-f378487de975','John','John Adam Gutierrez','Gutierrez','A',''),(815,'78c3c054-16ea-4372-856d-0de10dc2d7c0','Ryan','Ryan Kathleen Burke','Burke','K',''),(816,'34ca8124-7fbe-4319-856f-97de95a60e06','David','David Kelly Zuniga','Zuniga','K',''),(817,'3f230bd2-7bc6-46d3-b88e-001d523214d6','Christopher','Christopher Barry Hayes','Hayes','B',''),(818,'733bed51-569c-4350-986c-df20cd60c8bf','Kaitlin','Kaitlin Adrian Estrada','Estrada','A',''),(819,'1d60625b-6da9-462a-aa97-f13dd49db68c','April','April Laura Harris','Harris','L',''),(820,'202f0e60-a4d6-4ab6-929d-c9eb81884be0','Jose','Jose Steven White','White','S',''),(821,'58af820d-477b-4ea0-b137-b29016e6c1ee','Ricardo','Ricardo Tina Williams','Williams','T',''),(822,'c31aa6ef-3469-4b78-a050-8b50a67b5fd7','Sara','Sara Clayton Barton','Barton','C',''),(823,'9da80d3f-3296-4025-b573-b518c6aa82d3','Nathan','Nathan Michael Blankenship','Blankenship','M',''),(824,'cb4fac4f-cc15-42da-8121-de283d2e7333','Dana','Dana Jeffrey Ryan','Ryan','J',''),(825,'ce5a1af5-48b5-4ff8-ae39-8b8cd4ffd380','Jonathan','Jonathan David Ayala','Ayala','D',''),(826,'fa73befe-a9a2-4936-bcb8-5daebeaf757e','Stephen','Stephen Daniel Olson','Olson','D',''),(827,'7f5b1e6f-297c-4ba9-a76e-d3622d211223','Kaylee','Kaylee Michael Black','Black','M',''),(828,'b6d3c469-c2cd-4126-ab5b-44391d60bd00','John','John Jennifer Nelson','Nelson','J',''),(829,'3265520d-f0e2-4719-8ecd-4c5bfc9f6677','Ann','Ann Jeffrey Smith','Smith','J',''),(830,'07bb09a1-229b-4f42-90f0-9209e4e093f0','James','James Cassandra Johnson','Johnson','C',''),(831,'589cdc7a-1851-499a-98cc-a4e8f2838703','Michelle','Michelle Kim Brown','Brown','K',''),(832,'6de6ffec-44a6-4adf-bdb5-8fe796761db8','Juan','Juan Michael Wilkinson','Wilkinson','M',''),(833,'03e509a7-ecc7-4b8a-892d-5c9f66223886','Sarah','Sarah Rhonda Herrera','Herrera','R',''),(834,'1d7ecb79-aa4b-4c26-ae21-ba9ed49bf5dd','Lindsay','Lindsay Angela Johnson','Johnson','A',''),(835,'84a41843-677b-4209-a8c5-dacfcbbc8cbe','Nancy','Nancy Sherri Mendez','Mendez','S',''),(836,'45cf9a62-bbc3-4cd1-9c61-72449ec1b35f','Darren','Darren Anna Gray','Gray','A',''),(837,'dd9298e9-5dde-4c6e-9c47-6b15c7c9c907','Aaron','Aaron Sydney Crawford','Crawford','S',''),(838,'38ea373a-1db9-4bfd-8980-956306130f1e','Steven','Steven Brandon Horn','Horn','B',''),(839,'87e1381f-5c63-4e8e-b7ba-e9a16e8b8672','Thomas','Thomas Christina Simpson','Simpson','C',''),(840,'f2147fd3-839f-4e7a-88c4-eab3db6891d6','John','John Jill Lopez','Lopez','J',''),(841,'5f88fc1d-ee42-4bae-9a13-3e05535f46da','Jessica','Jessica Erin Bailey','Bailey','E',''),(842,'d75688ee-9a2a-4f5e-8835-b85e8fa74367','Lynn','Lynn Anthony Edwards','Edwards','A',''),(843,'fa437b96-8701-45bf-b56e-817704a8a7a5','Andrew','Andrew Anthony Edwards','Edwards','A',''),(844,'8d15b467-1884-45dd-9fb9-1394da51ff77','Connor','Connor Kimberly Olson','Olson','K',''),(845,'6bf46aa6-c8a5-4e9a-ab3f-06b50fa49e35','Kristin','Kristin Michael Lara','Lara','M',''),(846,'67104ce0-e2fb-4abb-aaee-0ed6c0e7ba11','Jeffrey','Jeffrey Scott Dean','Dean','S',''),(847,'11dd68db-4abf-4e5c-864a-592fce932daf','Erik','Erik Lauren Hernandez','Hernandez','L',''),(848,'f51410a0-f65a-41ad-956c-b551f89da27d','Nicholas','Nicholas Robert Hall','Hall','R',''),(849,'8bf2a388-9e6e-4c53-9795-95fc8fa99c81','Stephanie','Stephanie Jamie Miller','Miller','J',''),(850,'43195c73-8348-4445-b0c7-3c6afe0e42ef','Adam','Adam Becky Browning','Browning','B',''),(851,'6c921a1b-e8a1-4e51-9aa1-2738c717c429','Samuel','Samuel Brian Rose','Rose','B',''),(852,'61eb9b89-1a32-4228-bb98-6a2b5130d5e6','Mark','Mark Jessica Armstrong','Armstrong','J',''),(853,'c5ea6820-0320-4b38-858e-388bb724b6ee','Ashley','Ashley Richard Nash','Nash','R',''),(854,'bf84299f-41d2-45f5-8797-b9557e00cda9','Ralph','Ralph Deanna Myers','Myers','D',''),(855,'047617f9-1eba-4d65-9850-f27710f5a66d','Mary','Mary Michael Kent','Kent','M',''),(856,'103e3e3b-2713-4eb8-9810-41faff778654','Kenneth','Kenneth Joshua Lopez','Lopez','J',''),(857,'5dc32c17-7c49-4253-9407-c1ffbbe5b10c','Christopher','Christopher Amanda Wilson','Wilson','A',''),(858,'f5894cfe-be7e-4b45-b913-cbec92bf0821','Maureen','Maureen Raven Shepherd','Shepherd','R',''),(859,'560cf66f-19f7-404d-9816-d9c7903f90a5','Sabrina','Sabrina Sarah Barnes','Barnes','S',''),(860,'3fb4116e-06b1-4b8d-a7c8-ea5df6ce4eac','Cindy','Cindy Thomas Rodriguez','Rodriguez','T',''),(861,'19262ff1-4350-4b6a-9a11-8533d9b7fda4','Joe','Joe Carolyn Rodriguez','Rodriguez','C',''),(862,'01c19931-c3a5-49a3-9643-02716816b937','Jessica','Jessica Caleb Austin','Austin','C',''),(863,'26c30a4d-9bb2-4be6-919a-8e70ba463699','Manuel','Manuel Reginald Mayo','Mayo','R',''),(864,'70ba8c12-0edc-4d96-8ab8-b6c4500d3945','Steven','Steven Lisa Ellis','Ellis','L',''),(865,'ad209b22-ad45-4b95-988a-e7a2d67481ac','Steve','Steve Brooke Rogers','Rogers','B',''),(866,'c68ee76c-db2f-4a97-984b-4c643d7ddf1c','Gregory','Gregory Alan Tran','Tran','A',''),(867,'8b9bbf3d-f4c3-4b99-aede-7b8b84191777','Yolanda','Yolanda Nicole Lutz','Lutz','N',''),(868,'59bc1c34-c8fd-49bb-bf18-28f3aa58eeff','Christopher','Christopher Michael Little','Little','M',''),(869,'3f5009a5-b4f2-4d9f-964c-72646f54f269','Anthony','Anthony Susan Black','Black','S',''),(870,'3cd65fa1-7915-4891-a583-0696aef12ef6','Hannah','Hannah Rodney Wolfe','Wolfe','R',''),(871,'39ad5f3b-5eb9-44f2-bcdc-1ad5f5aa44cf','Ryan','Ryan Robert Fuller','Fuller','R',''),(872,'4d3e222c-c2ed-4a4e-8971-12eb0646fa95','Morgan','Morgan Kevin Burns','Burns','K',''),(873,'ab1d685e-bdda-4cdb-add8-c6c4c89ef425','Susan','Susan Brandon Kirk','Kirk','B',''),(874,'fa8924b8-ea4e-48f2-bcd3-8ae8863aaf8d','Erica','Erica Stephanie Williams','Williams','S',''),(875,'b4f1bdea-99fe-4e88-b36c-a8cc0b1c4e0a','Meghan','Meghan Amanda Carter','Carter','A',''),(876,'61e85125-acab-46bd-a0dd-c265bcb25eb9','Donald','Donald Gerald Scott','Scott','G',''),(877,'4b702b50-63a5-4c1d-8dea-3cafc6c85181','Victor','Victor Eileen Taylor','Taylor','E',''),(878,'db7a3d96-d909-423e-85ca-53a07a2cd65b','Robert','Robert Zachary Smith','Smith','Z',''),(879,'5afe85cb-1dc3-4300-bd56-3606b6e6551e','Alan','Alan Julia Ellis','Ellis','J',''),(880,'9e489763-d46f-4c71-a67c-770ad5f3f5d5','Derek','Derek Desiree Delgado','Delgado','D',''),(881,'e54c2948-8363-49fe-b4a7-74940d65e976','Debra','Debra Marc Conner','Conner','M',''),(882,'9a92256c-2f16-469e-97ea-91083e6a1c69','Eric','Eric Phillip Smith','Smith','P',''),(883,'5b825200-c574-4118-9839-71965471a3f9','Paul','Paul Richard Thomas','Thomas','R',''),(884,'e3cbd41a-5c0e-49c8-b0ef-57a3e5ff6750','Mary','Mary Mary Murphy','Murphy','M',''),(885,'dadb8dda-fe82-4d42-9ae8-fe53a697447f','Caitlin','Caitlin Robert Mcdonald','Mcdonald','R',''),(886,'76d4ad3d-d3ed-444e-ac9d-85ad4d8c3bb3','Kayla','Kayla Jared Barton','Barton','J',''),(887,'72ddb32c-1ccc-4592-83f5-d4d91dc5825c','Richard','Richard Kelly Jensen','Jensen','K',''),(888,'99cf62a7-5131-4bf0-8abd-fb258777f869','Thomas','Thomas Corey Roberts','Roberts','C',''),(889,'ecd83ca6-e6bf-49af-ae22-f47bddb4d883','Brianna','Brianna Mark Garrett','Garrett','M',''),(890,'b99533fb-5b82-4b81-96b7-2bb7098b5b70','Douglas','Douglas Michael Garcia','Garcia','M',''),(891,'fe6f700c-2578-42e7-9ac8-d4eb4253c68e','Mary','Mary Jerry Andersen','Andersen','J',''),(892,'67b53b0d-4d21-441f-a629-ffbb6de3d7a1','Jason','Jason Melinda Turner','Turner','M',''),(893,'b988f837-7618-44f5-b041-6ff3baeff09a','Nancy','Nancy Crystal Stephens','Stephens','C',''),(894,'132469f0-8871-4495-9db7-4f5fa7c3cb32','Justin','Justin William Barnes','Barnes','W',''),(895,'aae3017a-a5af-4b14-911c-c654ca0f3a4c','Kevin','Kevin Cathy Berry','Berry','C',''),(896,'5a8846fd-553e-4faa-8e12-532480f992a8','Erika','Erika Austin Morton','Morton','A',''),(897,'07537794-2cac-4826-b7e3-5fa64564b7e9','Sherri','Sherri Alyssa Brown','Brown','A',''),(898,'381340cf-1c43-4c59-abd6-401851fdfdeb','Colton','Colton Jennifer Crane','Crane','J',''),(899,'8019eb1e-6c0c-4ef5-b34f-d1b3ec181894','Lynn','Lynn Randy Mathews','Mathews','R',''),(900,'5cf0f2e6-53dd-43ec-b34e-fe7308bd11b7','Danielle','Danielle Daniel Moore','Moore','D',''),(901,'727ab85c-0b8e-47f5-890e-501d493377d0','John','John Tiffany Mendoza','Mendoza','T',''),(902,'7221de33-34e6-447a-810c-e3b7f0168509','Miguel','Miguel Lauren White','White','L',''),(903,'6f2336cf-b257-4ee8-b7ec-ae9763f08025','Christopher','Christopher Ashley Clark','Clark','A',''),(904,'d2affcb7-5423-46a3-abb1-1c79073e7bb8','Malik','Malik Christian Wilson','Wilson','C',''),(905,'ed30303a-f6c7-444f-a171-26ff6e043abd','April','April Richard Davis','Davis','R',''),(906,'4e57587a-dff3-4c65-a17c-50d8ee412a8f','Connie','Connie Stacey Wong','Wong','S',''),(907,'025e5748-476e-4b34-8382-dafe4f16ed48','Kari','Kari Mary Green','Green','M',''),(908,'7ed72dae-f1c7-4fe3-a5cf-f0c615a36f3a','Charles','Charles Gregory Parker','Parker','G',''),(909,'4b1181e8-0693-450c-9ca6-91881386836a','Jennifer','Jennifer Linda Perry','Perry','L',''),(910,'613b72f5-cb5e-4dc1-a705-6d1848556087','Dana','Dana Cody Martinez','Martinez','C',''),(911,'7676786b-e9cc-4f9a-a756-45b977c3bef5','Kara','Kara Kayla Bush','Bush','K',''),(912,'50705f5c-efbd-48b4-af7f-e69770021cfb','Phillip','Phillip Zachary Johnson','Johnson','Z',''),(913,'dce9b27e-7afd-490a-8daf-18eba6dbd3ef','Madison','Madison Kristina Perez','Perez','K',''),(914,'05a8f519-b003-4ade-b428-fd17579053e9','Lori','Lori Jason Wheeler','Wheeler','J',''),(915,'64809dc6-774f-4504-97af-f86f80f3faea','Johnathan','Johnathan Kevin Smith','Smith','K',''),(916,'e657775a-dd6f-4b9d-8a26-782599465132','Sherry','Sherry Ashley Nguyen','Nguyen','A',''),(917,'66e74dc1-06ba-412e-b4ac-5d2528848cf7','Michael','Michael Christine Tran','Tran','C',''),(918,'5307cd7f-0e2d-4cca-9481-5de7109b4256','Jeremiah','Jeremiah Edgar Wilkerson','Wilkerson','E',''),(919,'44991bc4-b656-4532-bdaf-d49129ac1fc5','Patrick','Patrick Sharon Kennedy','Kennedy','S',''),(920,'1a264f2e-2a1f-43b0-9d17-fad117cf0b15','Russell','Russell Alicia Bentley','Bentley','A',''),(921,'08fbc719-da8b-4df6-b005-f00055275e21','Andrea','Andrea Dustin Richards','Richards','D',''),(922,'48ccd829-e7c4-4cf5-ac90-e4f551462c33','Dawn','Dawn Olivia Sawyer','Sawyer','O',''),(923,'a4bc9e0e-20a6-4a2b-be8b-20b77df0f01b','Joseph','Joseph Jacob Roy','Roy','J',''),(924,'1c0f67c9-46fb-4d1c-b759-2e1db5695d00','Brandi','Brandi Julie Potter','Potter','J',''),(925,'4ddd6402-29c8-4c55-91ee-d1359cd01cc6','Michelle','Michelle Michael Ford','Ford','M',''),(926,'6a5f3e34-3832-4429-b330-64dd69ee4192','Andrew','Andrew Douglas Kelly','Kelly','D',''),(927,'485499b3-167e-451b-835d-de6935cc66de','Lori','Lori Antonio Taylor','Taylor','A',''),(928,'a4554546-1855-4067-b2bf-cd31fdb48e0e','Kristen','Kristen Jennifer Estrada','Estrada','J',''),(929,'38ba43a6-1889-4ebd-bfe5-10f646d8adb5','Amber','Amber Nathan Vazquez','Vazquez','N',''),(930,'c4a16f84-c865-4f50-bd84-faee9e88fa07','Laurie','Laurie Amanda Lewis','Lewis','A',''),(931,'f027761a-3e7a-4bbe-8b63-1cf5bddb5f83','Matthew','Matthew Kylie Reid','Reid','K',''),(932,'ee085e60-8415-4521-8cdb-25df4a5a3895','Michelle','Michelle Laura Wilson','Wilson','L',''),(933,'7ed16b94-99cc-4b5d-a5af-2697dad75a51','Mariah','Mariah Timothy Olson','Olson','T',''),(934,'2e887a09-b3fa-446a-a0a0-4b550221fc05','James','James Jose Webster','Webster','J',''),(935,'a33f252a-01c6-48ee-905b-8542e13d73e8','Grant','Grant James Shannon','Shannon','J',''),(936,'3ac767b9-ca3d-410a-8f24-bb54e5c117f1','Patrick','Patrick Felicia Alvarado','Alvarado','F',''),(937,'0173d596-3a5f-496b-964a-2a21fb7d18a4','Savannah','Savannah Dawn Wright','Wright','D',''),(938,'6f948931-e7f1-4711-9431-d15c2ce9ae3a','Sean','Sean Erica Wood','Wood','E',''),(939,'180cfa36-7cf0-4ae4-b425-f9d7ef1b6ab2','Mark','Mark Anna Foster','Foster','A',''),(940,'475025bf-bfa1-4489-94ae-d04abe639d23','David','David Vickie Wilson','Wilson','V',''),(941,'1f50d094-e900-4ff9-a07d-284b6ce93fb7','Christopher','Christopher Samuel Chang','Chang','S',''),(942,'2804147c-d199-4eb0-8da0-17cd4345f0ea','Julie','Julie David Allen','Allen','D',''),(943,'fde43c7d-5556-4a7a-88b1-9f9167fcc864','Lisa','Lisa Shelby Gonzalez','Gonzalez','S',''),(944,'f68e0549-bba3-47d3-a139-915132fc4e95','Jeremiah','Jeremiah Nicole Reyes','Reyes','N',''),(945,'13c94539-0502-480d-ade6-467fc48aa0be','Samantha','Samantha Edward Cummings','Cummings','E',''),(946,'14373add-62ad-4da3-b2b5-d058d7e3c118','Susan','Susan Henry Miller','Miller','H',''),(947,'00e05d30-6164-4a03-b508-6c41febbb3d5','Justin','Justin Heather Davis','Davis','H',''),(948,'a7b1e94d-b88e-482e-be14-5831cdbefa47','Renee','Renee James Johnson','Johnson','J',''),(949,'cd7d014d-5ada-4794-876b-58e64ff5f82f','Nina','Nina Sabrina Wagner','Wagner','S',''),(950,'d8d9cc92-efcf-4f05-a608-394fc358743d','Mark','Mark David Moore','Moore','D',''),(951,'22115754-3e2e-41a6-8795-234f1888bcd1','Stacy','Stacy Steven Wolf','Wolf','S',''),(952,'b2e4e439-3461-423e-9be4-121a33bd7e3b','Helen','Helen Karen Bryant','Bryant','K',''),(953,'a5b9bede-bc0b-48d9-a456-85674704c8ec','William','William Christopher Smith','Smith','C',''),(954,'53b59fc2-971e-449f-b7a4-a3eb47d3704c','Alexandria','Alexandria Molly Proctor','Proctor','M',''),(955,'dec2c256-224f-44f9-be44-3ca3bb68a376','Ronald','Ronald Christopher Cook','Cook','C',''),(956,'564c7844-e5c7-4d2d-9904-0a4f49b05c3d','Gabriela','Gabriela Joseph White','White','J',''),(957,'d53b2d7e-765a-4a69-af8f-be9fba39e231','Jennifer','Jennifer Susan Patel','Patel','S',''),(958,'746cbe35-7786-46f7-acf2-f02ca27f859e','Justin','Justin Debbie Campbell','Campbell','D',''),(959,'d9f74b86-b819-4525-aa70-9851bc519e69','Jasmine','Jasmine Natalie Juarez','Juarez','N',''),(960,'5a790bdd-35a5-4df4-aecd-2d75b24117f6','Daniel','Daniel Brandi Moore','Moore','B',''),(961,'7c2f44a0-54d0-4817-8f9e-7d15ce2875b2','Mark','Mark Jason Hernandez','Hernandez','J',''),(962,'9ef0555b-9c50-4515-a676-01fcb8043c1f','Chelsea','Chelsea Elizabeth Sims','Sims','E',''),(963,'f7d7f4a6-89e4-4570-83a0-df24cb0f1ea9','Jack','Jack Jade Bowman','Bowman','J',''),(964,'df823b21-fba7-4568-b3c8-60118c3a8470','Molly','Molly Amy Myers','Myers','A',''),(965,'637f359b-c13e-4d5e-8d0d-81b5cc56cbe9','Jacqueline','Jacqueline Abigail Blanchard','Blanchard','A',''),(966,'761d25fa-a072-455a-b793-f9943dd6efa2','Charles','Charles Nicholas Sweeney','Sweeney','N',''),(967,'67a38f94-30fc-47a6-a7a5-466766ca39ac','Bruce','Bruce Hannah Andrade','Andrade','H',''),(968,'a7416d24-d6f5-45e0-8ee7-255adbf339c9','Kimberly','Kimberly Kimberly Rodriguez','Rodriguez','K',''),(969,'bb99cb9c-b7a8-4a93-8326-06a74b2c53f6','Lauren','Lauren Matthew Doyle','Doyle','M',''),(970,'735dec51-e434-4301-950d-243839f124aa','Jeremy','Jeremy Jeffrey Walker','Walker','J',''),(971,'3d9d0047-fcda-404d-a8bb-a63ce68b6d41','Shannon','Shannon Martha Lam','Lam','M',''),(972,'34a6110d-0bd8-4ffd-b11c-aa1cdc50f304','Cody','Cody Matthew Andrade','Andrade','M',''),(973,'1b8c7278-1d0b-4fe8-80f9-f54b7fba6a6b','Angel','Angel John Carter','Carter','J',''),(974,'9facc37d-ff8d-442f-b474-852d3fa5ec3a','Gina','Gina Jamie Bowen','Bowen','J',''),(975,'04338f39-b7ba-4e54-b939-585f9038b89a','Erica','Erica Sean Roberson','Roberson','S',''),(976,'b1ec6578-9d42-457c-93b6-1faf3ac0e386','Thomas','Thomas Joseph Duarte','Duarte','J',''),(977,'6f6be494-f52e-481a-9bf9-bede773f19a5','Melissa','Melissa Henry Miller','Miller','H',''),(978,'8e4284b4-56b5-4cda-9281-5d90f58110dd','Austin','Austin Christopher Williams','Williams','C',''),(979,'8601ebe4-f2cf-4fd7-8a40-ab401523bce8','Nicholas','Nicholas Alfred Marshall','Marshall','A',''),(980,'a66b99df-bfef-4b16-91c5-61f18c89c665','Madeline','Madeline Lisa Perry','Perry','L',''),(981,'84be91a8-e1fa-4559-8453-c737521a7990','Chad','Chad Andrew Dawson','Dawson','A',''),(982,'4ab8c6cf-5c97-42f1-9779-5dcf664842fd','Christian','Christian Brianna Villanueva','Villanueva','B',''),(983,'0cfee59a-4561-420a-b502-3e7b9ea415a7','Jennifer','Jennifer Sabrina Williams','Williams','S',''),(984,'b385e509-f02a-4e37-bbe6-39de281fe4d0','Megan','Megan Janet Parker','Parker','J',''),(985,'44c9f002-c3ba-4e15-aada-80c6b19b258a','Dawn','Dawn Caitlin Matthews','Matthews','C',''),(986,'58164983-a04b-4448-8891-0ecfacfc8e4c','Adriana','Adriana Sara Bowman','Bowman','S',''),(987,'152413a0-a3b4-4e29-9386-4901e504ea30','Jason','Jason Matthew Fitzgerald','Fitzgerald','M',''),(988,'4d0bfa6c-c0a5-4807-8010-331cabaf207e','Briana','Briana Charles Heath','Heath','C',''),(989,'e2ee63d7-2f6b-42b3-8879-f892696b9ae9','Misty','Misty Richard Osborn','Osborn','R',''),(990,'ddc48275-8441-4e14-8bc5-b00ad7e15355','Michael','Michael Robert Ward','Ward','R',''),(991,'74c4a3a8-564b-42d0-92db-333c07d6ee9a','Christina','Christina Jacob Prince','Prince','J',''),(992,'e2096005-0267-4854-90ad-f820f3a72741','David','David Kathleen Lewis','Lewis','K',''),(993,'3c0dc38d-9fcc-46e8-a34e-e03418cbc40e','Phillip','Phillip Sarah Franco','Franco','S',''),(994,'ea6e045a-4cfd-461e-b371-2f85a9bf5d83','Christopher','Christopher John Macias','Macias','J',''),(995,'48e99b87-23bd-436b-8fc5-154bdadb5fc6','Mark','Mark Fernando Reyes','Reyes','F',''),(996,'66a938e3-2240-4468-b253-92a3912fc005','Chris','Chris Danny Harper','Harper','D',''),(997,'0a838608-11f6-46c9-8ef6-264f76f0a3ec','Nicole','Nicole Andrew Vargas','Vargas','A',''),(998,'0d943709-a484-4fca-962b-aea385dba78f','Kathy','Kathy Cathy Stout','Stout','C',''),(999,'74c53904-e3e6-4e33-a5a3-6a2cbafa41f0','Christopher','Christopher Crystal Smith','Smith','C',''),(1000,'3af84c73-eff3-42a1-8bf5-68e22bbf2ad7','Roger','Roger Eric Padilla','Padilla','E',''),(1001,'f123be74-fecb-488b-b8bf-85d8db752c6f','Raymond','Raymond Robert Silva','Silva','R',''),(1002,'1ef18ae1-a9a5-4021-b199-7eb7aea4971e','Jorge','Jorge Caitlin Lopez','Lopez','C',''),(1003,'3ad10240-56b5-49bd-bf09-e950c103469c','Makayla','Makayla Lindsay Henry','Henry','L',''),(1004,'26ab2e5d-1576-4e20-ac00-c28fc0e323b7','Linda','Linda Christopher Ashley','Ashley','C',''),(1005,'65a8c46f-c02b-4b16-bbd8-f1ee8d9c2f22','Brian','Brian Joseph Pittman','Pittman','J',''),(1006,'2fa9ff8f-6632-4721-8b5e-a7fd82275449','Ruth','Ruth Peggy Douglas','Douglas','P',''),(1007,'eb7dbaee-1188-431c-bb64-b3bed30d75e5','Christina','Christina Nathan Berger','Berger','N',''),(1008,'120827c2-a8bf-4047-a23c-6a413e8dfd71','Amy','Amy Jesse Simmons','Simmons','J',''),(1009,'25889c61-ff3c-4861-ac03-104d0da4521f','Rachel','Rachel Kara Boone','Boone','K',''),(1010,'bac2439a-aafd-47f7-b200-28ceee2c27f2','Todd','Todd Brandy Martinez','Martinez','B',''),(1011,'2f63c348-f46e-4284-bb4e-3482abae8db5','Mark','Mark Lisa Thompson','Thompson','L',''),(1012,'57597c1c-86c1-42f6-a30c-c06c7ce3d6fd','Susan','Susan Michael Dougherty','Dougherty','M',''),(1013,'a345ccd7-1fb7-4231-a794-d2a034944472','Donna','Donna Ashley Martinez','Martinez','A',''),(1014,'788dc08e-8d44-4c9d-bb9f-2f8fd78ddeed','Megan','Megan Autumn Parsons','Parsons','A',''),(1015,'3c01638b-b820-47d2-b6fc-3c561946e21d','Michael','Michael Mark Aguilar','Aguilar','M',''),(1016,'0a3f0094-039a-4e04-9d21-b8ec6c6f3395','Jean','Jean Scott Wilkins','Wilkins','S',''),(1017,'b59d5593-c988-45e6-a5a0-3e6458ee142c','Linda','Linda Jeffrey Caldwell','Caldwell','J',''),(1018,'e3324567-a697-4111-9d8b-bac21b7eae3b','Heather','Heather Susan Brown','Brown','S',''),(1019,'bd758554-16e1-4479-9cd4-1c1a0ce39cf8','Nathan','Nathan Shelby James','James','S',''),(1020,'682a8e17-9985-4f14-8a9c-bea7b7d562da','Jennifer','Jennifer Maria Perkins','Perkins','M',''),(1021,'d8aab3b9-2d19-4a6c-b07d-3695de60ab7c','Gordon','Gordon Gregory Boyle','Boyle','G',''),(1022,'9843b0f0-4248-41f4-a434-007c106f6648','Richard','Richard Alison Steele','Steele','A',''),(1023,'0ad500a3-3f23-4e1b-8f15-903a9f735cc1','James','James Matthew Flores','Flores','M',''),(1024,'c7a2245a-d184-42fa-93f7-32792c75ad1e','Nathan','Nathan Kim Long','Long','K',''),(1025,'684b017d-814e-41d1-b544-6ef025d7f6d6','Aimee','Aimee Mitchell Lynch','Lynch','M',''),(1026,'4f2b5b97-5b8c-438b-8f15-2f6c98338ad8','Alyssa','Alyssa Diane Levine','Levine','D',''),(1027,'947766e9-9fad-45d9-882f-61995cadd767','Frank','Frank Anita Figueroa','Figueroa','A',''),(1028,'d72a141a-7c77-4d4b-8a8b-8080e9978a36','Brandon','Brandon David Hayes','Hayes','D',''),(1029,'04f0238c-8e9d-4278-8fa9-5cdfd0eb62dd','Cassandra','Cassandra Ana Peck','Peck','A',''),(1030,'86872947-ea0a-4beb-aee2-2d4da0a106b0','Michaela','Michaela Keith Wells','Wells','K',''),(1031,'f87109af-c149-47e5-a9db-3c9410083ba2','Jennifer','Jennifer Samantha Terry','Terry','S',''),(1032,'c8791c99-c232-43dc-ad43-3165a06102a3','Michael','Michael Tammie Gonzalez','Gonzalez','T',''),(1033,'0d753af7-1c46-4336-becc-858a0a5c5e06','Bethany','Bethany Brian Barker','Barker','B',''),(1034,'4d92928b-68c0-4814-b410-a0bfa792481b','Jillian','Jillian Cindy Smith','Smith','C',''),(1035,'7193e7f0-1315-4634-bb54-42c238af9d7c','Brett','Brett Mark Bullock','Bullock','M',''),(1036,'1e39dc96-1eb3-4dc9-b22f-17d9425751ea','Eric','Eric Sandra Woods','Woods','S',''),(1037,'60ce7c1b-b339-4ca1-99a5-291d2463a8d9','Michael','Michael Rachel Briggs','Briggs','R',''),(1038,'80ac3677-c7f2-4b7e-8715-61992a71d410','Rebecca','Rebecca Jessica Joyce','Joyce','J',''),(1039,'0c6faa18-6b09-4546-b29e-7786778650ff','Elizabeth','Elizabeth Kathryn Evans','Evans','K',''),(1040,'5f7eff83-46ac-435b-88bb-283e4f3df932','Scott','Scott Vanessa Kelly','Kelly','V',''),(1041,'143dc299-ce45-4f9e-9fe0-6585d27c41e1','Kristi','Kristi Troy Sharp','Sharp','T',''),(1042,'255fe963-97c0-420f-8509-57a2f25ed8b3','Melissa','Melissa Olivia Hughes','Hughes','O',''),(1043,'e60abe9d-f621-4a2c-afd5-509798d9fc59','Jason','Jason John Reed','Reed','J',''),(1044,'3033dc9a-6d74-4462-8a0c-cb4db1b27210','Tiffany','Tiffany Andrew Estrada','Estrada','A',''),(1045,'69a9f356-6706-466b-9097-0aa228b074d7','William','William Barbara Rosales','Rosales','B',''),(1046,'a7306e8c-3e83-4d3f-a076-5b4618a58855','Gregory','Gregory Manuel Jones','Jones','M',''),(1047,'78a76f16-6953-42bb-a82b-176db34460cf','Timothy','Timothy Robert Walker','Walker','R',''),(1048,'84a17b2c-4cc2-49e5-a7f4-9fb04eaf0a4e','Susan','Susan Cindy Aguilar','Aguilar','C',''),(1049,'63fa0333-2128-40b5-a392-56d47fe540de','Amanda','Amanda Vicki Nelson','Nelson','V',''),(1050,'89bd017f-d9b5-47ef-9ffa-6281151a10f1','Mary','Mary Kelly Good','Good','K',''),(1051,'c0c4c54a-7c9b-48c4-b59a-925d8b25ef47','James','James Amy May','May','A',''),(1052,'7e583871-b007-47c7-b73c-322d1278651c','John','John Amanda Lewis','Lewis','A',''),(1053,'33e6979a-e434-4f18-9e68-368f0dd7c9a7','Paula','Paula Patrick Kelley','Kelley','P',''),(1054,'0cee06f5-0eae-4aad-a758-8cabf07a4ddf','David','David Cindy King','King','C',''),(1055,'c821ecd2-fa29-46f1-ac03-c1fdec25f1d1','Derrick','Derrick James Collins','Collins','J',''),(1056,'f7d89742-501e-4055-9dd1-dcbb45fef589','Christian','Christian Timothy Owens','Owens','T',''),(1057,'50c0a2f4-1e65-42b8-b54a-4adc2c6c776e','Becky','Becky Thomas Hunter','Hunter','T',''),(1058,'d111084d-52a1-4281-91f5-fe3d8a037abf','Michael','Michael Derrick Howard','Howard','D',''),(1059,'db7d2113-efdb-4e2a-b80e-fb4a1a9e9196','Joel','Joel Amy Adkins','Adkins','A',''),(1060,'2b316011-1b40-41ac-b04c-b1c4c5b6f441','Bruce','Bruce Melissa Gentry','Gentry','M','');
/*!40000 ALTER TABLE `contact` ENABLE KEYS */;
UNLOCK TABLES;

--
-- Table structure for table `hibernate_sequence`
--

DROP TABLE IF EXISTS `hibernate_sequence`;
/*!40101 SET @saved_cs_client     = @@character_set_client */;
/*!40101 SET character_set_client = utf8 */;
CREATE TABLE `hibernate_sequence` (
  `next_val` bigint(20) DEFAULT NULL
) ENGINE=MyISAM DEFAULT CHARSET=latin1;
/*!40101 SET character_set_client = @saved_cs_client */;

--
-- Dumping data for table `hibernate_sequence`
--

LOCK TABLES `hibernate_sequence` WRITE;
/*!40000 ALTER TABLE `hibernate_sequence` DISABLE KEYS */;
INSERT INTO `hibernate_sequence` VALUES (1061),(1061),(1061),(1061),(1061),(1061),(1061);
/*!40000 ALTER TABLE `hibernate_sequence` ENABLE KEYS */;
UNLOCK TABLES;

--
-- Table structure for table `invoice`
--

DROP TABLE IF EXISTS `invoice`;
/*!40101 SET @saved_cs_client     = @@character_set_client */;
/*!40101 SET character_set_client = utf8 */;
CREATE TABLE `invoice` (
  `id` bigint(20) NOT NULL,
  `uuid` varchar(36) DEFAULT NULL,
  `total` decimal(19,2) DEFAULT NULL,
  `client_id` bigint(20) DEFAULT NULL,
  PRIMARY KEY (`id`),
  KEY `FK6y01j0975eqwmnb0gckttrbj2` (`client_id`)
) ENGINE=MyISAM DEFAULT CHARSET=latin1;
/*!40101 SET character_set_client = @saved_cs_client */;

--
-- Dumping data for table `invoice`
--

LOCK TABLES `invoice` WRITE;
/*!40000 ALTER TABLE `invoice` DISABLE KEYS */;
/*!40000 ALTER TABLE `invoice` ENABLE KEYS */;
UNLOCK TABLES;

--
-- Table structure for table `invoice_item`
--

DROP TABLE IF EXISTS `invoice_item`;
/*!40101 SET @saved_cs_client     = @@character_set_client */;
/*!40101 SET character_set_client = utf8 */;
CREATE TABLE `invoice_item` (
  `id` bigint(20) NOT NULL,
  `uuid` varchar(36) DEFAULT NULL,
  `description` varchar(255) DEFAULT NULL,
  `price` decimal(19,2) DEFAULT NULL,
  `invoice_id` bigint(20) NOT NULL,
  PRIMARY KEY (`id`),
  KEY `FKbu6tmpd0mtgu9wrw5bj5uv09v` (`invoice_id`)
) ENGINE=MyISAM DEFAULT CHARSET=latin1;
/*!40101 SET character_set_client = @saved_cs_client */;

--
-- Dumping data for table `invoice_item`
--

LOCK TABLES `invoice_item` WRITE;
/*!40000 ALTER TABLE `invoice_item` DISABLE KEYS */;
/*!40000 ALTER TABLE `invoice_item` ENABLE KEYS */;
UNLOCK TABLES;

--
-- Table structure for table `location`
--

DROP TABLE IF EXISTS `location`;
/*!40101 SET @saved_cs_client     = @@character_set_client */;
/*!40101 SET character_set_client = utf8 */;
CREATE TABLE `location` (
  `id` bigint(20) NOT NULL,
  `uuid` varchar(36) DEFAULT NULL,
  `employees` int(11) DEFAULT NULL,
  `location_name` varchar(96) DEFAULT NULL,
  `phone` varchar(255) DEFAULT NULL,
  `address_id` bigint(20) DEFAULT NULL,
  PRIMARY KEY (`id`),
  KEY `FKt8psi9b5mkkfc0r9fgptngwhg` (`address_id`)
) ENGINE=MyISAM DEFAULT CHARSET=latin1;
/*!40101 SET character_set_client = @saved_cs_client */;

--
-- Dumping data for table `location`
--

LOCK TABLES `location` WRITE;
/*!40000 ALTER TABLE `location` DISABLE KEYS */;
INSERT INTO `location` VALUES (9,'7ab8d1aa-18f4-4a3d-80f1-b66df2d74640',120,'Pittsburgh','555-867-5309',8);
/*!40000 ALTER TABLE `location` ENABLE KEYS */;
UNLOCK TABLES;

--
-- Table structure for table `user`
--

DROP TABLE IF EXISTS `user`;
/*!40101 SET @saved_cs_client     = @@character_set_client */;
/*!40101 SET character_set_client = utf8 */;
CREATE TABLE `user` (
  `id` bigint(20) NOT NULL,
  `uuid` varchar(36) DEFAULT NULL,
  `account_non_expired` bit(1) NOT NULL,
  `account_non_locked` bit(1) NOT NULL,
  `credentials_non_expired` bit(1) NOT NULL,
  `enabled` bit(1) NOT NULL,
  `name` varchar(255) DEFAULT NULL,
  `password` varchar(255) DEFAULT NULL,
  `phone_number` varchar(255) DEFAULT NULL,
  `username` varchar(255) DEFAULT NULL,
  PRIMARY KEY (`id`),
  UNIQUE KEY `UKsb8bbouer5wak8vyiiy4pf2bx` (`username`)
) ENGINE=MyISAM DEFAULT CHARSET=latin1;
/*!40101 SET character_set_client = @saved_cs_client */;

--
-- Dumping data for table `user`
--

LOCK TABLES `user` WRITE;
/*!40000 ALTER TABLE `user` DISABLE KEYS */;
INSERT INTO `user` VALUES (1,'74306280-1a1b-4118-965a-2e44b7de120b','','','','','Kowalski','$2a$10$/2KJvH6Fn0sue0dUtcZDy.cPqhvaEKoKUZangfxOPnoDaYvjzcC66','412-555-8112','kowalski');
/*!40000 ALTER TABLE `user` ENABLE KEYS */;
UNLOCK TABLES;

--
-- Table structure for table `user_roles`
--

DROP TABLE IF EXISTS `user_roles`;
/*!40101 SET @saved_cs_client     = @@character_set_client */;
/*!40101 SET character_set_client = utf8 */;
CREATE TABLE `user_roles` (
  `user_id` bigint(20) NOT NULL,
  `roles` varchar(255) DEFAULT NULL,
  KEY `FK55itppkw3i07do3h7qoclqd4k` (`user_id`)
) ENGINE=MyISAM DEFAULT CHARSET=latin1;
/*!40101 SET character_set_client = @saved_cs_client */;

--
-- Dumping data for table `user_roles`
--

LOCK TABLES `user_roles` WRITE;
/*!40000 ALTER TABLE `user_roles` DISABLE KEYS */;
INSERT INTO `user_roles` VALUES (1,'ROLE_EMPLOYEE');
/*!40000 ALTER TABLE `user_roles` ENABLE KEYS */;
UNLOCK TABLES;
/*!40103 SET TIME_ZONE=@OLD_TIME_ZONE */;

/*!40101 SET SQL_MODE=@OLD_SQL_MODE */;
/*!40014 SET FOREIGN_KEY_CHECKS=@OLD_FOREIGN_KEY_CHECKS */;
/*!40014 SET UNIQUE_CHECKS=@OLD_UNIQUE_CHECKS */;
/*!40101 SET CHARACTER_SET_CLIENT=@OLD_CHARACTER_SET_CLIENT */;
/*!40101 SET CHARACTER_SET_RESULTS=@OLD_CHARACTER_SET_RESULTS */;
/*!40101 SET COLLATION_CONNECTION=@OLD_COLLATION_CONNECTION */;
/*!40111 SET SQL_NOTES=@OLD_SQL_NOTES */;

-- Dump completed on 2022-03-02 14:57:00
