"Source IP",Count
"129.90.101.103",12
"129.90.101.109",12
"129.90.101.118",12
"129.90.101.150",12
"129.90.101.156",12
"129.90.101.158",12
"129.90.101.161",12
"129.90.101.192",12
"129.90.101.204",12
"129.90.101.220",12
"129.90.101.221",12
"129.90.101.225",12
"129.90.101.23",12
"129.90.101.239",12
"129.90.101.30",12
"129.90.101.33",12
"129.90.101.42",12
"129.90.101.47",12
"129.90.101.66",12
"129.90.101.75",12
"129.90.90.119",12
"129.90.90.123",12
"129.90.90.14",12
"129.90.90.149",12
"129.90.90.17",12
"129.90.90.174",12
"129.90.90.188",12
"129.90.90.200",12
"129.90.90.205",12
"129.90.90.222",12
"129.90.90.239",12
"129.90.90.25",12
"129.90.90.33",12
"129.90.90.41",12
"129.90.90.5",12
"129.90.90.59",12
"129.90.90.68",12
"129.90.90.73",12
"129.90.90.81",12
"129.90.90.92",12
"150.185.200.109",12
"150.185.200.127",12
"150.185.200.131",12
"150.185.200.157",12
"150.185.200.18",12
"150.185.200.191",12
"150.185.200.201",12
"150.185.200.208",12
"150.185.200.222",12
"150.185.200.224",12
"150.185.200.233",12
"150.185.200.236",12
"150.185.200.247",12
"150.185.200.34",12
"150.185.200.45",12
"150.185.200.54",12
"150.185.200.65",12
"150.185.200.76",12
"150.185.200.83",12
"150.185.200.92",12
"150.185.23.106",12
"150.185.23.107",12
"150.185.23.111",12
"150.185.23.121",12
"150.185.23.147",12
"150.185.23.149",12
"150.185.23.163",12
"150.185.23.17",12
"150.185.23.175",12
"150.185.23.209",12
"150.185.23.218",12
"150.185.23.219",12
"150.185.23.227",12
"150.185.23.236",12
"150.185.23.240",12
"150.185.23.25",12
"150.185.23.40",12
"150.185.23.48",12
"150.185.23.61",12
"150.185.23.86",12
"150.188.203.115",12
"150.188.203.123",12
"150.188.203.133",12
"150.188.203.142",12
"150.188.203.17",12
"150.188.203.177",12
"150.188.203.185",12
"150.188.203.191",12
"150.188.203.204",12
"150.188.203.208",12
"150.188.203.210",12
"150.188.203.221",12
"150.188.203.239",12
"150.188.203.27",12
"150.188.203.36",12
"150.188.203.48",12
"150.188.203.63",12
"150.188.203.75",12
"150.188.203.84",12
"150.188.203.96",12
"155.236.123.109",12
"155.236.123.127",12
"155.236.123.131",12
"155.236.123.157",12
"155.236.123.18",12
"155.236.123.191",12
"155.236.123.201",12
"155.236.123.208",12
"155.236.123.222",12
"155.236.123.224",12
"155.236.123.233",12
"155.236.123.236",12
"155.236.123.247",12
"155.236.123.34",12
"155.236.123.45",12
"155.236.123.54",12
"155.236.123.65",12
"155.236.123.76",12
"155.236.123.83",12
"155.236.123.92",12
"155.236.187.119",12
"155.236.187.123",12
"155.236.187.14",12
"155.236.187.149",12
"155.236.187.17",12
"155.236.187.174",12
"155.236.187.188",12
"155.236.187.200",12
"155.236.187.205",12
"155.236.187.222",12
"155.236.187.239",12
"155.236.187.25",12
"155.236.187.33",12
"155.236.187.41",12
"155.236.187.5",12
"155.236.187.59",12
"155.236.187.68",12
"155.236.187.73",12
"155.236.187.81",12
"155.236.187.92",12
"155.236.231.103",12
"155.236.231.109",12
"155.236.231.118",12
"155.236.231.150",12
"155.236.231.156",12
"155.236.231.158",12
"155.236.231.161",12
"155.236.231.192",12
"155.236.231.204",12
"155.236.231.220",12
"155.236.231.221",12
"155.236.231.225",12
"155.236.231.23",12
"155.236.231.239",12
"155.236.231.30",12
"155.236.231.33",12
"155.236.231.42",12
"155.236.231.47",12
"155.236.231.66",12
"155.236.231.75",12
"155.236.45.106",12
"155.236.45.107",12
"155.236.45.111",12
"155.236.45.121",12
"155.236.45.147",12
"155.236.45.149",12
"155.236.45.163",12
"155.236.45.17",12
"155.236.45.175",12
"155.236.45.209",12
"155.236.45.218",12
"155.236.45.219",12
"155.236.45.227",12
"155.236.45.236",12
"155.236.45.240",12
"155.236.45.25",12
"155.236.45.40",12
"155.236.45.48",12
"155.236.45.61",12
"155.236.45.86",12
"165.4.100.115",12
"165.4.100.123",12
"165.4.100.133",12
"165.4.100.142",12
"165.4.100.17",12
"165.4.100.177",12
"165.4.100.185",12
"165.4.100.191",12
"165.4.100.204",12
"165.4.100.208",12
"165.4.100.210",12
"165.4.100.221",12
"165.4.100.239",12
"165.4.100.27",12
"165.4.100.36",12
"165.4.100.48",12
"165.4.100.63",12
"165.4.100.75",12
"165.4.100.84",12
"165.4.100.96",12
