﻿<?xml version="1.0" encoding="utf-8"?>
<ArrayOfInCnl xmlns:xsi="http://www.w3.org/2001/XMLSchema-instance" xmlns:xsd="http://www.w3.org/2001/XMLSchema">
  <InCnl>
    <CnlNum>401</CnlNum>
    <Active>true</Active>
    <Name>Dam1WaterLevel</Name>
    <CnlTypeID>2</CnlTypeID>
    <ObjNum>1</ObjNum>
    <KPNum>1</KPNum>
    <Signal>1</Signal>
    <FormulaUsed>false</FormulaUsed>
    <Formula />
    <Averaging>false</Averaging>
    <ParamID xsi:nil="true" />
    <FormatID>0</FormatID>
    <UnitID xsi:nil="true" />
    <CtrlCnlNum xsi:nil="true" />
    <EvEnabled>true</EvEnabled>
    <EvSound>false</EvSound>
    <EvOnChange>false</EvOnChange>
    <EvOnUndef>false</EvOnUndef>
    <LimLowCrash xsi:nil="true" />
    <LimLow xsi:nil="true" />
    <LimHigh xsi:nil="true" />
    <LimHighCrash xsi:nil="true" />
  </InCnl>
  <InCnl>
    <CnlNum>402</CnlNum>
    <Active>true</Active>
    <Name>Dam2WaterLevel</Name>
    <CnlTypeID>2</CnlTypeID>
    <ObjNum>1</ObjNum>
    <KPNum>1</KPNum>
    <Signal>2</Signal>
    <FormulaUsed>false</FormulaUsed>
    <Formula />
    <Averaging>false</Averaging>
    <ParamID xsi:nil="true" />
    <FormatID>0</FormatID>
    <UnitID xsi:nil="true" />
    <CtrlCnlNum xsi:nil="true" />
    <EvEnabled>true</EvEnabled>
    <EvSound>false</EvSound>
    <EvOnChange>false</EvOnChange>
    <EvOnUndef>false</EvOnUndef>
    <LimLowCrash xsi:nil="true" />
    <LimLow xsi:nil="true" />
    <LimHigh xsi:nil="true" />
    <LimHighCrash xsi:nil="true" />
  </InCnl>
  <InCnl>
    <CnlNum>403</CnlNum>
    <Active>true</Active>
    <Name>Dam3WaterLevel</Name>
    <CnlTypeID>2</CnlTypeID>
    <ObjNum>1</ObjNum>
    <KPNum>1</KPNum>
    <Signal>3</Signal>
    <FormulaUsed>false</FormulaUsed>
    <Formula />
    <Averaging>false</Averaging>
    <ParamID xsi:nil="true" />
    <FormatID>0</FormatID>
    <UnitID xsi:nil="true" />
    <CtrlCnlNum xsi:nil="true" />
    <EvEnabled>true</EvEnabled>
    <EvSound>false</EvSound>
    <EvOnChange>false</EvOnChange>
    <EvOnUndef>false</EvOnUndef>
    <LimLowCrash xsi:nil="true" />
    <LimLow xsi:nil="true" />
    <LimHigh xsi:nil="true" />
    <LimHighCrash xsi:nil="true" />
  </InCnl>
  <InCnl>
    <CnlNum>404</CnlNum>
    <Active>true</Active>
    <Name>Dam1UpperGate</Name>
    <CnlTypeID>1</CnlTypeID>
    <ObjNum>1</ObjNum>
    <KPNum>1</KPNum>
    <Signal>4</Signal>
    <FormulaUsed>false</FormulaUsed>
    <Formula />
    <Averaging>false</Averaging>
    <ParamID xsi:nil="true" />
    <FormatID>10</FormatID>
    <UnitID>16</UnitID>
    <CtrlCnlNum xsi:nil="true" />
    <EvEnabled>true</EvEnabled>
    <EvSound>false</EvSound>
    <EvOnChange>true</EvOnChange>
    <EvOnUndef>false</EvOnUndef>
    <LimLowCrash xsi:nil="true" />
    <LimLow xsi:nil="true" />
    <LimHigh xsi:nil="true" />
    <LimHighCrash xsi:nil="true" />
  </InCnl>
  <InCnl>
    <CnlNum>405</CnlNum>
    <Active>true</Active>
    <Name>Dam1LowerGate</Name>
    <CnlTypeID>1</CnlTypeID>
    <ObjNum>1</ObjNum>
    <KPNum>1</KPNum>
    <Signal>5</Signal>
    <FormulaUsed>false</FormulaUsed>
    <Formula />
    <Averaging>false</Averaging>
    <ParamID xsi:nil="true" />
    <FormatID>10</FormatID>
    <UnitID>16</UnitID>
    <CtrlCnlNum xsi:nil="true" />
    <EvEnabled>true</EvEnabled>
    <EvSound>false</EvSound>
    <EvOnChange>true</EvOnChange>
    <EvOnUndef>false</EvOnUndef>
    <LimLowCrash xsi:nil="true" />
    <LimLow xsi:nil="true" />
    <LimHigh xsi:nil="true" />
    <LimHighCrash xsi:nil="true" />
  </InCnl>
  <InCnl>
    <CnlNum>406</CnlNum>
    <Active>true</Active>
    <Name>Dam2UpperGate</Name>
    <CnlTypeID>1</CnlTypeID>
    <ObjNum>1</ObjNum>
    <KPNum>1</KPNum>
    <Signal>6</Signal>
    <FormulaUsed>false</FormulaUsed>
    <Formula />
    <Averaging>false</Averaging>
    <ParamID xsi:nil="true" />
    <FormatID>10</FormatID>
    <UnitID>16</UnitID>
    <CtrlCnlNum xsi:nil="true" />
    <EvEnabled>true</EvEnabled>
    <EvSound>false</EvSound>
    <EvOnChange>true</EvOnChange>
    <EvOnUndef>false</EvOnUndef>
    <LimLowCrash xsi:nil="true" />
    <LimLow xsi:nil="true" />
    <LimHigh xsi:nil="true" />
    <LimHighCrash xsi:nil="true" />
  </InCnl>
  <InCnl>
    <CnlNum>407</CnlNum>
    <Active>true</Active>
    <Name>Dam2LowerGate</Name>
    <CnlTypeID>1</CnlTypeID>
    <ObjNum>1</ObjNum>
    <KPNum>1</KPNum>
    <Signal>7</Signal>
    <FormulaUsed>false</FormulaUsed>
    <Formula />
    <Averaging>false</Averaging>
    <ParamID xsi:nil="true" />
    <FormatID>10</FormatID>
    <UnitID>16</UnitID>
    <CtrlCnlNum xsi:nil="true" />
    <EvEnabled>true</EvEnabled>
    <EvSound>false</EvSound>
    <EvOnChange>true</EvOnChange>
    <EvOnUndef>false</EvOnUndef>
    <LimLowCrash xsi:nil="true" />
    <LimLow xsi:nil="true" />
    <LimHigh xsi:nil="true" />
    <LimHighCrash xsi:nil="true" />
  </InCnl>
  <InCnl>
    <CnlNum>408</CnlNum>
    <Active>true</Active>
    <Name>Dam3UpperGate</Name>
    <CnlTypeID>1</CnlTypeID>
    <ObjNum>1</ObjNum>
    <KPNum>1</KPNum>
    <Signal>8</Signal>
    <FormulaUsed>false</FormulaUsed>
    <Formula />
    <Averaging>false</Averaging>
    <ParamID xsi:nil="true" />
    <FormatID>10</FormatID>
    <UnitID>16</UnitID>
    <CtrlCnlNum xsi:nil="true" />
    <EvEnabled>true</EvEnabled>
    <EvSound>false</EvSound>
    <EvOnChange>true</EvOnChange>
    <EvOnUndef>false</EvOnUndef>
    <LimLowCrash xsi:nil="true" />
    <LimLow xsi:nil="true" />
    <LimHigh xsi:nil="true" />
    <LimHighCrash xsi:nil="true" />
  </InCnl>
  <InCnl>
    <CnlNum>409</CnlNum>
    <Active>true</Active>
    <Name>Dam3LowerGate</Name>
    <CnlTypeID>1</CnlTypeID>
    <ObjNum>1</ObjNum>
    <KPNum>1</KPNum>
    <Signal>9</Signal>
    <FormulaUsed>false</FormulaUsed>
    <Formula />
    <Averaging>false</Averaging>
    <ParamID xsi:nil="true" />
    <FormatID>10</FormatID>
    <UnitID>16</UnitID>
    <CtrlCnlNum xsi:nil="true" />
    <EvEnabled>true</EvEnabled>
    <EvSound>false</EvSound>
    <EvOnChange>true</EvOnChange>
    <EvOnUndef>false</EvOnUndef>
    <LimLowCrash xsi:nil="true" />
    <LimLow xsi:nil="true" />
    <LimHigh xsi:nil="true" />
    <LimHighCrash xsi:nil="true" />
  </InCnl>
</ArrayOfInCnl>